Sample_ID,Ala_3-tRF,Ala_5-half,Ala_5-tRF,Ala_i-tRF,Arg_3-tRF,Arg_5-half,Arg_i-tRF,Asn_3-half,Asn_5-tRF,Asn_i-tRF,Asp_3-half,Asp_3-tRF,Asp_5-half,Asp_5-tRF,Asp_i-tRF,Cys_3-tRF,Cys_5-half,Cys_5-tRF,Gln_3-tRF,Gln_5-half,Gln_5-tRF,Gln_i-tRF,Glu_3-half,Glu_3-tRF,Glu_5-half,Glu_5-tRF,Glu_i-tRF,Gly_3-half,Gly_3-tRF,Gly_5-half,Gly_5-tRF,Gly_i-tRF,His_5-half,His_5-tRF,His_i-tRF,Ile_i-tRF,Leu_3-tRF,Leu_5-half,Leu_5-tRF,Leu_i-tRF,Lys_3-half,Lys_3-tRF,Lys_5-half,Lys_5-tRF,Lys_i-tRF,Met_3-tRF,Met_5-half,Met_i-tRF,Phe_3-tRF,Pro_3-tRF,Pro_5-half,Pro_i-tRF,Ser_3-half,Ser_3-tRF,Ser_5-half,Ser_5-tRF,Ser_i-tRF,Sex,Sup_i-tRF,Thr_3-tRF,Thr_i-tRF,Time_taken,Treatment,Trp_3-tRF,Tyr_3-tRF,Val_3-half,Val_3-tRF,Val_5-half,Val_5-tRF,Val_i-tRF
Ester_24h_CNT_F_T_S29_R1_001.flexbar_q.fastq,9634.78,153.71,803.48,72.19,176.99,6.99,265.52,966.49,13.97,1020.0799999999999,1728.05,852.38,558.95,225.91,1169.1100000000001,1853.82,945.54,158.37,2894.86,118.78,358.65,731.28,544.96,957.18,621728.44,141882.98,6551.17,321.39,1232.01,33757.83,3446.82,1420.64,75247.68000000001,14732.82,547.29,48.91,2142.62,381.94,1492.8500000000001,1257.62,32.6,9.32,37456.159999999996,4955.98,3022.91,202.62,39.59,1471.88,16.310000000000002,37.26,2538.54,181.66,11.65,794.16,69.87,1066.64,72.19,0.0,18.63,454.14,69.87,24.0,0.0,76.85,1804.92,79.19,2757.46,2489.62,933.8900000000001,274.8
Ester_24h_CNT_F_T_S30_R1_001.flexbar_q.fastq,33988.95,157.29,2201.87,166.01999999999998,646.5899999999999,8.74,777.65,2525.1400000000003,52.43,3058.13,4377.5,1432.96,795.13,305.82,2263.08,5181.36,996.09,498.03999999999996,9165.65,87.38,576.68,2263.05,1022.3199999999999,2429.06,554482.8,102683.32,13586.960000000001,856.28,4569.74,26465.93,4840.6,4928.02,87532.44,13097.539999999999,1363.05,104.86,6675.46,550.47,1039.78,5627.0,61.17,69.9,28903.71,4412.46,7444.4800000000005,725.22,17.48,6972.59,113.59,61.16,3145.51,498.03999999999996,139.8,2516.4,174.76,2140.71,358.25,0.0,113.59,1686.35,166.02,24.0,0.0,262.13,5653.2,139.8,8903.529999999999,2166.92,1852.3700000000001,585.43
Ester_24h_CNT_M_T_S41_R1_001.flexbar_q.fastq,10089.51,277.32000000000005,766.71,73.41,146.82,20.39,309.94,864.5799999999999,16.31,1211.24,1998.3,1619.04,872.74,362.96,1109.26,2022.8,1158.22,195.76000000000002,2393.9,118.27,864.59,762.61,460.83,1243.85,580544.51,107799.15000000001,5097.75,314.02000000000004,1027.7,27058.88,5101.839999999999,1647.61,139058.58,21952.969999999998,473.05,12.24,1920.82,652.51,493.46000000000004,2479.53,24.46,4.08,43865.17,4991.7,2891.48,207.99,36.7,1423.31,40.790000000000006,32.63,3454.23,150.89000000000001,32.63,730.0,289.55,640.28,154.98,1.0,44.86,456.77,130.5,24.0,0.0,24.47,2238.93,106.03999999999999,2797.6499999999996,2247.1,1056.25,183.51999999999998
Ester_24h_CNT_M_T_S42_R1_001.flexbar_q.fastq,27854.54,141.49,1610.95,163.26,315.65999999999997,0.0,696.62,1981.05,43.54,3069.5299999999997,4245.110000000001,1491.21,783.6999999999999,293.88,1991.88,5203.0,827.24,380.96999999999997,5573.07,54.42,968.74,1687.1,1229.97,2503.5099999999998,508577.31,98193.04000000001,11211.32,587.77,2024.5700000000002,31250.690000000002,5213.86,4081.77,141003.6,22314.09,1142.8799999999999,326.54,4930.87,674.85,468.03,5692.74,43.54,10.88,39871.549999999996,5235.59,6911.8,740.17,43.54,4538.97,97.96,54.42,3613.8,642.19,32.65,1981.0200000000002,239.45999999999998,1578.29,282.99,1.0,97.96,1142.9,239.45999999999998,24.0,0.0,163.27,5823.44,195.92000000000002,6737.77,2688.55,1458.55,282.99
Ester_24h_LPS_F_T_S31_R1_001.flexbar_q.fastq,11424.83,273.46999999999997,1395.1699999999998,32.92,116.47999999999999,25.32,222.82,746.96,10.13,759.63,1306.57,1154.63,562.13,374.75,1010.3100000000001,1486.3400000000001,2142.16,278.53000000000003,2656.18,131.67,5512.36,931.79,463.37,1334.42,614930.78,100230.66,4864.16,230.42,944.46,41498.6,11171.630000000001,1278.69,71840.76,16496.64,762.15,50.629999999999995,1840.84,1005.24,326.63,1347.05,12.66,7.6,55926.5,7965.97,3375.2599999999998,159.51999999999998,30.39,1266.02,27.85,55.71,4486.889999999999,78.49,22.779999999999998,691.26,544.4,1729.43,113.94,0.0,17.72,468.44,27.85,24.0,1.0,48.11,1311.62,73.43,2071.27,2891.66,2167.47,131.67000000000002
Ester_24h_LPS_M_T_S43_R1_001.flexbar_q.fastq,20372.37,245.62,1396.54,119.31,280.7,7.02,357.91999999999996,1740.3899999999999,28.07,2168.4700000000003,3087.7799999999997,2771.9900000000002,891.25,329.82,1852.67,4336.93,1508.8,189.48000000000002,4736.95,182.45999999999998,694.77,1684.26,1157.93,1817.59,590742.27,93370.35,9537.04,526.34,2196.5299999999997,34232.31,4842.21,3284.32,81973.66,14119.6,715.83,140.36,4393.070000000001,561.41,771.94,3431.66,105.25999999999999,35.09,52295.840000000004,4926.41,5979.11,540.36,21.05,3656.24,70.18,98.25,4442.1900000000005,322.83000000000004,42.11,1810.58,357.9,1410.54,266.69,1.0,35.09,884.22,154.4,24.0,1.0,91.22999999999999,2715.86,182.45999999999998,6533.469999999999,2659.7,1312.3,252.64
Ester_24h_LPS_M_T_S44_R1_001.flexbar_q.fastq,15846.480000000001,257.66999999999996,1179.6299999999999,44.28,217.41,20.13,370.39,1453.4,12.08,1501.73,2327.04,1175.5900000000001,591.8199999999999,253.64,1344.7,2761.86,877.6800000000001,229.48,3341.6,104.67999999999999,1268.2,1054.82,515.33,1207.82,615017.96,117596.6,5890.08,551.5600000000001,1743.27,29047.87,5374.74,2149.91,81507.18,15178.17,752.88,116.75,3019.53,559.62,672.36,2145.89,48.31,48.31,45562.700000000004,5092.92,2773.93,318.05999999999995,16.1,1880.15,28.18,56.36,3538.8900000000003,181.17,36.24,853.51,189.22,1046.73,249.61999999999998,1.0,28.18,704.57,92.59,24.0,1.0,88.57,1976.78,72.47,3542.9,2069.39,1292.36,205.33
Ester_24h_PS_F_T_S32_R1_001.flexbar_q.fastq,16019.33,257.77,1537.01,95.48,286.41,33.41,696.91,1350.8600000000001,0.0,1465.4,2687.3900000000003,2109.81,568.03,267.29,1832.97,2658.7400000000002,2720.79,224.34,4334.2,224.34,486.88,1054.8899999999999,1565.66,2038.21,613011.1799999999,68697.89,8716.09,601.4399999999999,2062.09,38606.76,3389.06,2281.64,86359.25,10090.84,873.51,105.00999999999999,3546.5800000000004,630.0899999999999,1532.25,2238.7,28.64,19.09,67189.51,4606.26,6062.11,386.64,19.09,2482.11,33.42,57.28,4935.63,276.85,14.32,1365.18,248.22,1408.1299999999999,171.82999999999998,0.0,4.77,706.45,152.75,24.0,1.0,85.91999999999999,2601.46,410.5,3980.96,2568.08,1255.39,315.03
Ester_4h_CNT_F_T_S25_R1_001.flexbar_q.fastq,29256.14,375.72,1813.2199999999998,147.03,522.73,49.01,833.12,2695.3,32.67,3724.4199999999996,4492.16,3185.37,702.42,245.03000000000003,2989.37,4982.1900000000005,1306.8200000000002,539.06,7595.83,147.02,2482.9399999999996,2139.95,1323.17,2466.63,469045.0800000001,124391.58,14636.41,849.4300000000001,2825.98,26871.210000000003,7514.18,4655.59,125976.04999999999,23783.899999999998,1306.83,147.03,6076.66,718.75,571.74,8477.98,147.02,32.67,35528.759999999995,6599.4,8184.01,947.4300000000001,0.0,6403.400000000001,114.35,81.68,4132.77,457.39,98.01,2205.25,392.03999999999996,2188.92,506.4,0.0,81.68,1404.84,326.70000000000005,4.0,0.0,49.01,5488.610000000001,310.37,7791.84,2270.58,2221.61,424.73
Ester_4h_CNT_F_T_S26_R1_001.flexbar_q.fastq,12846.89,202.07,1005.32,65.68,146.49,0.0,373.83,1247.81,15.16,1374.11,2040.9399999999998,2354.16,777.98,318.28,2243.02,2187.4500000000003,954.7900000000001,237.43,2904.83,121.25,712.3199999999999,1262.97,702.2,2035.88,627880.1900000001,127867.55,5400.41,565.8000000000001,1106.3600000000001,23273.9,4784.11,2187.46,77854.19,13559.19,510.23,75.77,2288.48,641.5899999999999,525.39,3167.51,25.259999999999998,10.1,38025.35,4667.91,2783.5699999999997,373.84,20.21,2232.89,35.36,40.41,3889.94,212.16,55.57,732.53,217.23000000000002,1055.84,212.16,0.0,15.16,474.88,75.77,4.0,0.0,25.259999999999998,2020.75,151.56,2839.13,2576.4300000000003,1101.31,136.4
Ester_4h_CNT_M_T_S37_R1_001.flexbar_q.fastq,34634.8,122.46000000000001,1620.1299999999999,84.78,292.0,18.84,612.27,3372.11,28.26,3372.12,5039.32,2948.27,1092.6499999999999,292.0,2985.97,5312.49,744.1299999999999,480.39000000000004,7921.64,94.19,584.0,2091.12,1168.02,2665.69,514482.20000000007,127546.73,13177.7,951.34,3617.0099999999998,25498.059999999998,4935.74,4926.33,103593.47,17736.56,1130.3300000000002,141.29,5566.82,659.3499999999999,612.27,5708.14,47.1,94.19,27768.09,5340.76,8091.2699999999995,857.16,18.84,4756.75,122.45,103.61,2797.54,433.3,84.78,2383.09,160.13,1648.4,301.43,1.0,56.52,1742.58,282.58000000000004,4.0,0.0,122.45,5632.75,320.26000000000005,7299.959999999999,2354.84,1224.53,442.73
Ester_4h_CNT_M_T_S38_R1_001.flexbar_q.fastq,14619.519999999999,171.56,1567.2,166.92000000000002,250.38,4.64,751.15,1608.94,23.18,1724.87,3458.99,1122.08,867.0699999999999,162.28,1803.66,2754.1899999999996,1761.96,324.57,4057.1099999999997,222.56,384.84,1159.18,820.71,1275.11,577335.73,107562.48999999999,12226.98,454.4,1942.78,59600.32000000001,4775.83,2545.54,72541.37,13826.68,1071.07,125.19,2916.4900000000002,398.75,1409.56,2373.99,23.19,13.91,53864.7,5536.24,5990.62,343.11,69.55,2596.53,27.82,51.0,1952.06,231.82999999999998,27.82,1057.16,78.82,1840.76,148.39,1.0,18.55,765.06,134.47,4.0,0.0,55.64,2944.32,153.01,3727.92,2591.91,1214.83,491.49
Ester_4h_LPS_F_T_S27_R1_001.flexbar_q.fastq,16449.32,268.57,1463.65,174.55,214.84,26.86,443.13,1571.09,13.43,2336.49,2349.92,2390.2,845.96,496.83,2121.61,2672.19,1154.81,308.84000000000003,3934.43,94.0,5129.51,2537.92,684.83,2094.79,530246.67,139638.24,8687.97,456.54,1490.53,22626.26,9721.91,3625.58,108995.44,23190.24,805.6999999999999,188.0,3169.01,1208.52,537.13,4041.87,26.86,0.0,36014.020000000004,6391.75,4511.82,416.27,13.43,4095.56,53.71,40.28,6875.17,322.28,26.86,1195.0900000000001,684.83,2135.06,281.99,0.0,26.86,657.99,107.42,4.0,1.0,67.14,2618.47,40.28,4082.13,2336.49,2323.0499999999997,295.41999999999996
Ester_4h_LPS_F_T_S28_R1_001.flexbar_q.fastq,12006.4,201.9,910.79,116.66,237.78000000000003,31.41,390.34000000000003,973.61,17.95,1296.65,1534.45,1076.79,713.37,529.4200000000001,1040.92,2256.81,749.2800000000001,246.76,2588.81,44.86,498.02000000000004,996.03,619.1600000000001,1337.04,627743.05,110902.20999999999,6380.08,332.01,1072.33,23958.97,3773.3,1821.56,94404.61,15295.18,457.64,76.27000000000001,2117.7200000000003,865.92,538.41,2189.52,35.89,4.49,42982.59,3930.34,2503.6,305.1,8.97,2189.5,13.46,40.38,6070.5,157.04000000000002,17.94,619.15,358.93,1018.47,139.08,0.0,31.41,533.9200000000001,134.6,4.0,1.0,26.92,1848.5,107.68,3086.85,2449.74,1099.22,242.29
Ester_4h_LPS_M_T_S39_R1_001.flexbar_q.fastq,26401.24,172.61,1865.8500000000001,131.52,452.08,24.66,747.99,2835.74,49.32,3345.37,4027.59,3476.87,830.1700000000001,246.60000000000002,3148.12,4356.36,1397.3300000000002,361.65999999999997,6797.57,139.73,846.62,1915.19,1043.89,2465.89,536835.99,106336.5,10693.710000000001,945.2600000000001,2770.01,27946.5,6238.66,3838.59,104676.12,20976.35,1315.16,361.67,4726.24,739.78,1027.4599999999998,5934.6,98.64,24.66,38097.66,6518.14,7167.5,600.03,65.76,3937.21,32.88,65.76,4035.7999999999997,263.04,32.88,1767.21,328.78,2145.31,361.67,1.0,24.66,1421.99,205.49,4.0,1.0,115.08,3624.83,246.59,6000.31,2211.08,1397.3300000000002,534.28
Ester_4h_LPS_M_T_S40_R1_001.flexbar_q.fastq,19856.51,288.49,1869.7,122.05999999999999,377.26,5.55,1237.22,1830.8700000000001,66.58,1681.06,4355.21,1492.44,1004.2,244.12,2646.4500000000003,3251.15,2330.19,282.96000000000004,5054.3,83.22,1681.07,1564.54,1192.83,1775.37,480945.16000000003,123438.93000000001,15856.39,593.64,2185.92,69184.37999999999,10469.19,3972.41,95077.19,21837.170000000002,1398.1200000000001,166.45,3977.9600000000005,810.02,499.33,3711.64,33.29,0.0,49816.09,10646.72,9531.54,416.11,110.96,2846.14,27.74,66.58,3184.59,327.35,77.67,1675.51,288.49,1381.46,238.56,1.0,44.38,1054.14,266.31,4.0,1.0,72.13,3606.2200000000003,99.86999999999999,4787.97,4072.2799999999997,1231.67,638.03
Ester_7d_CNT_F_T_S33_R1_001.flexbar_q.fastq,24832.37,147.99,2059.16,102.94999999999999,405.39,38.61,791.48,3429.8199999999997,38.61,2805.6,3983.19,1325.56,1023.13,630.61,3062.97,4227.75,785.05,379.65,5823.59,302.44,855.8399999999999,2310.09,862.27,1718.09,545115.22,120732.00000000001,11035.75,1196.8899999999999,2245.77,22908.3,4382.150000000001,4774.63,72431.51,12914.85,913.7299999999999,321.74,4658.88,810.8,649.9,9098.94,102.95,12.87,64278.46,6750.21,5495.29,701.41,12.87,4813.3,51.48,109.39,4543.05,366.77,115.82,1730.96,135.13,2503.17,276.69,0.0,96.52,1222.62,250.96,7.0,0.0,122.25999999999999,2458.12,12.87,4543.04,2979.37,2026.99,456.87
Ester_7d_CNT_F_T_S34_R1_001.flexbar_q.fastq,21968.79,275.81,1913.76,168.86,337.73,22.51,568.51,2926.92,39.4,2696.14,3776.85,1660.46,861.21,472.81,2470.99,3534.81,1187.6599999999999,455.92,6219.71,253.3,771.11,2127.62,849.9300000000001,1930.6399999999999,563843.51,116688.54,11127.9,956.8800000000001,2212.08,24828.19,4823.78,4283.45,68580.04,11330.59,968.12,320.83000000000004,3861.29,748.62,861.18,8178.46,73.17,16.89,60204.560000000005,5932.64,5729.97,833.06,56.29,4311.56,73.18,84.43,4733.73,439.04,118.2,1621.0600000000002,236.39999999999998,1823.71,394.01000000000005,0.0,45.03,1120.1,225.14000000000001,7.0,0.0,140.72,3073.27,95.69,6191.55,2932.54,1429.67,399.64
Ester_7d_CNT_M_T_S45_R1_001.flexbar_q.fastq,22544.829999999998,196.18,1056.33,120.72999999999999,414.98,15.09,679.08,2346.53,67.91,2603.07,3998.9100000000003,1501.49,716.7900000000001,203.73000000000002,2316.4,3900.83,928.05,362.17,6428.46,67.91,482.89,1924.04,943.15,2135.2999999999997,598003.56,81396.78,9159.96,777.14,2240.91,32647.730000000003,3417.9500000000003,3236.9,105103.53,11083.79,1063.8899999999999,218.81,4625.16,679.07,513.09,4398.87,75.45,0.0,35718.61,3485.87,5281.68,565.89,67.91,4217.74,60.37,83.0,3998.92,309.36,67.91,1976.8300000000002,384.8,1433.6000000000001,271.63,1.0,37.73,1161.97,203.72000000000003,7.0,0.0,188.63,4594.9800000000005,15.09,5892.74,2572.92,980.9,497.98
Ester_7d_CNT_M_T_S46_R1_001.flexbar_q.fastq,14533.199999999999,225.8,882.64,75.26,164.22,0.0,383.17,1231.63,41.05,1532.6799999999998,2237.46,3195.4,711.61,410.55,3407.5,2675.38,1320.57,253.16,3886.46,157.37,670.54,1087.8999999999999,732.12,2579.5699999999997,545686.55,158496.84000000003,8019.17,362.65000000000003,1457.41,25905.27,6096.56,2771.14,91783.68000000001,26582.63,1012.6700000000001,82.1,3085.91,650.0300000000001,615.8,8395.57,82.1,6.84,33951.869999999995,5227.56,4153.28,437.91,47.9,3270.64,6.84,61.58,3202.23,212.11,68.42,1217.9199999999998,260.01,1170.06,171.04999999999998,1.0,116.32,855.3,95.79,7.0,0.0,41.05,2983.27,198.43,3674.36,2490.62,1060.55,376.32
Ester_7d_LPS_F_T_S35_R1_001.flexbar_q.fastq,8354.95,196.61,757.04,27.56,119.43,12.86,213.14,580.63,5.51,622.9,1041.83,466.71,560.4300000000001,251.73000000000002,663.28,1190.69,1429.54,194.77,2399.72,88.2,279.3,453.84,200.27,565.9300000000001,686513.17,106016.41,3812.65,194.78,1027.13,29702.66,3781.51,1170.43,69081.47,11866.33,336.22999999999996,51.44,1580.21,560.44,305.0,1205.31,18.38,1.84,39070.08,3320.27,1385.35,115.76,34.91,1269.68,14.7,27.56,3267.02,115.77,16.53,650.46,231.51999999999998,615.55,58.79,0.0,5.51,400.57,34.9,7.0,1.0,58.790000000000006,1363.4,18.38,1993.6200000000001,2160.87,916.88,132.3
Ester_7d_LPS_F_T_S36_R1_001.flexbar_q.fastq,14183.150000000001,256.18,1028.96,93.93,170.79,25.62,546.5,1259.51,0.0,1639.48,2156.08,772.78,785.5799999999999,384.25,1417.5,2382.36,589.1800000000001,239.10000000000002,4098.67,226.29,486.73,849.66,444.04,969.1700000000001,622567.49,118481.65000000001,7134.34,388.52,1408.92,22367.66,4213.95,2565.9900000000002,79710.72,11758.1,559.32,115.28,2668.41,678.8399999999999,490.99,2741.06,34.16,17.08,48283.25,4457.35,3501.0099999999998,422.67999999999995,29.89,2830.69,34.16,51.23,4380.46,230.56,76.85,1020.4,209.21,1255.21,183.59,0.0,17.08,708.75,81.13,7.0,1.0,111.0,2335.39,46.97,3325.92,2634.25,1041.76,298.87
Ester_7d_LPS_M_T_S47_R1_001.flexbar_q.fastq,24127.870000000003,193.63,1194.01,86.06,268.93,0.0,484.05999999999995,2043.8200000000002,64.54,2560.15,4162.950000000001,6034.650000000001,1140.24,462.53999999999996,3840.2400000000002,4098.4,1817.92,473.3,6099.21,53.79,570.11,1721.1000000000001,1462.95,3517.5299999999997,515355.58,121198.73999999999,14629.48,731.47,2549.41,32830.26,5701.2,3926.28,109559.72000000002,18103.989999999998,1366.1200000000001,204.39,5001.99,666.9300000000001,537.85,4862.13,107.56,21.51,33862.93,5152.55,10724.65,688.45,32.27,3840.2200000000003,86.05000000000001,32.27,3356.1800000000003,215.13000000000002,86.06,1850.19,419.52000000000004,1678.08,451.79,1.0,21.51,1161.76,182.86,7.0,1.0,53.78,5722.71,268.93,6841.43,2560.16,1140.22,311.94
Ester_7d_LPS_M_T_S48_R1_001.flexbar_q.fastq,21429.33,215.71,984.16,155.05,188.74,0.0,626.89,1887.45,33.7,2103.16,2858.13,970.69,593.19,168.52,1961.58,4024.33,451.63000000000005,276.37,5439.91,80.89,984.17,1415.58,714.53,1247.05,564658.76,168199.07,10940.4,525.78,1981.8400000000001,28298.329999999998,5851.08,2986.19,62649.979999999996,14533.4,761.6999999999999,80.89,3983.87,438.15000000000003,404.43,3849.03,67.41,6.74,32760.8,8655.3,4732.1,417.94,87.63,3383.87,53.92,40.45,1995.31,330.3,67.41,1321.22,168.53,1011.12,330.3,1.0,53.93,815.65,128.07999999999998,7.0,1.0,128.07,4159.14,20.22,4839.96,2601.9700000000003,1186.4,492.08000000000004
