0,1
Ala_3-tRF,81.51263.17149.05514.699.32810.473155.76.9916.348.914.6697.81107.1320.969.3244.2553.5711.6411.64197.96307.42116.4572.2367.973039.2520.9658.2237.26
Ala_5-half,44.2523.2932.69.3244.25
Ala_5-tRF,53.5718.63188.64135.0837.2620.9613.9751.244.6616.318.63186.316.9916.39.3225.62
Ala_i-tRF,16.316.325.6213.97
Arg_3-tRF,20.9611.6413.972.33128.09
Arg_5-half,6.99
Arg_i-tRF,9.3230.28139.749.324.6616.325.6225.624.66
Asn_3-half,167.68423.8655.8986.17177.055.89
Asn_5-tRF,13.97
Asn_i-tRF,6.9972.2123.439.3211.6416.3572.922.3327.959.32107.1360.55
Asp_3-half,428.5232.6239.8858.2223.29218.92405.2365.2123.29104.811.64116.45
Asp_3-tRF,41.9223.2937.266.9925.6230.28246.8734.9332.613.97123.4316.369.8734.93114.12
Asp_5-half,69.8723.2918.6353.5779.1839.59202.6272.2
Asp_5-tRF,23.2913.976.99128.0953.57
Asp_i-tRF,16.313.9737.2681.519.326.9920.9618.6313.974.6616.34.6616.32.3316.318.6381.5111.646.99116.456.9920.9665.2111.64132.756.9923.29100.1446.58170.0116.353.57
Cys_3-tRF,65.21272.481010.75107.13372.636.9918.63
Cys_5-half,9.3216.3570.5955.89293.44
Cys_5-tRF,79.189.3216.353.57
Gln_3-tRF,37.2667.54717.311879.4513.9746.5820.962.339.3267.5432.6
Gln_5-half,4.66114.12
Gln_5-tRF,0.046.58202.6255.896.9916.311.6418.63
Gln_i-tRF,116.4516.334.9327.9532.66.9934.9334.9323.2997.8111.6411.642.3388.520.9630.2825.6220.964.6627.956.996.9916.330.28
Glu_3-half,9.32102.4762.88118.7879.1816.320.9620.9641.9246.5811.6413.97
Glu_3-tRF,228.23102.47181.6644.254.6639.590.013.9739.5918.636.990.02.3313.9720.964.66116.4513.97104.8
Glu_5-half,796.49265.5165.3569.8740167.0376.851790.95789.51752.24395696.6190.831141.17740.6302.76102291.223.296.9944.25528.67367.9760.5575559.76
Glu_5-tRF,16.325.6230.289.320.0195.63228.2360.5544.2516.3500.72330.71183.9965.21114.12281.8267.83188.64107351.96950.2507.71109.4628727.3369.8751.2434.9316.31176.1127.9511.64104.84.66149.0511.6418.63
Glu_i-tRF,16.3461.1313.9753.57391.2625.62111.7941.92277.1411.6465.2134.9344.25197.9611.64170.01344.689.3218.6313.9720.9665.2116.325.6218.63172.349.3297.8151.246.9944.2525.624.666.9911.649.3213.9737.2669.87207.2755.8916.34.6648.9130.2844.2532.69.3213.9713.9760.5555.8911.6437.266.996.99584.5611.6411.6420.9616.311.6411.6416.325.629.3241.9244.2516.318.639.3211.6444.2511.6462.8879.1818.6379.18351.6716.337.2662.88163.0232.634.93165.3532.618.63398.2525.6241.9237.26216.5937.2611.6413.9716.3
Gly_3-half,44.25149.0523.29104.80.0
Gly_3-tRF,9.3218.6313.9727.9518.6353.5748.9137.2662.886.9927.9583.84181.6646.5813.9786.17493.73
Gly_5-half,26444.98291.125829.3151.2451.24239.8846.5858.22137.41151.38456.47
Gly_5-tRF,9.3241.92237.55151.381888.7644.2553.5725.62111.799.3251.2425.6218.6311.6423.2925.62200.29402.981.5132.6
Gly_i-tRF,2.3316.311.6413.972.332.3393.16407.564.6637.2697.814.6630.2813.9727.9532.64.6655.8969.8720.9625.6213.9727.9537.264.6644.2516.30.09.3241.9246.589.320.081.5113.979.3218.636.9923.2913.9725.62
His_5-half,1758.3414872.54177.02491.95628.8124288.4179.334.66680.05754.5722790.89298.1104.81434.624487.8541.92253.85
His_5-tRF,2.3365.2116.330.2869.8716.3246.8734.936.9920.9695.499.324.66384.2741.922477.9820.961441.61179.338950.07121.1444.839.3241.92
His_i-tRF,18.6311.6425.626.9911.6411.649.3218.636.9939.59251.5232.655.896.9927.959.322.33
Ile_i-tRF,2.334.662.3318.6320.96
Leu_3-tRF,260.84165.351180.774.6660.5525.6290.83349.344.66
Leu_5-half,20.9660.55107.1311.6423.2951.24107.13
Leu_5-tRF,51.241006.1125.7639.59170.0162.8830.282.334.66
Leu_i-tRF,2.334.662.3332.658.222.334.662.3320.9611.64130.4216.39.32107.134.669.3216.337.266.999.32258.519.3216.318.634.664.660.020.9634.9325.6227.950.018.6311.6420.964.6611.649.3211.640.011.6425.624.6688.5102.474.662.3313.974.66
Lys_3-half,13.9718.63
Lys_3-tRF,9.32
Lys_5-half,48.915957.439.59572.921751.3520238.39207.27202.626332.36475.146.581411.33172.34
Lys_5-tRF,214.2674.5341.929.3239.592.3334.939.3230.2839.592.334.6641.92680.050.053.57577.576.992801.720.96121.153.5716.39.3244.259.324.6611.64
Lys_i-tRF,58.2230.2811.6418.63130.4230.286.994.6665.2116.390.8327.9567.5411.6420.9627.9590.8323.2927.9513.9720.9616.34.6618.630.044.2532.644.2560.5513.9713.974.6637.269.3218.63246.8713.9711.644.66328.3823.2913.9748.919.3286.1716.313.97188.6462.8883.8420.9613.9748.9113.9730.2834.93319.06102.4776.8511.642.332.3313.9716.39.3216.316.34.66
Met_3-tRF,18.639.32111.7962.88
Met_5-half,39.59
Met_i-tRF,477.434.666.9911.64132.756.9941.9216.36.99223.586.9911.6420.966.9920.9611.6420.966.9913.9711.6472.253.5713.9711.649.3218.6332.660.5595.4925.622.3313.97
Phe_3-tRF,6.999.32
Pro_3-tRF,37.26
Pro_5-half,51.24202.62193.3866.361225.02
Pro_i-tRF,53.574.662.336.9962.8823.2916.311.64
Sample_ID,Ester_24h_CNT_F_T_S29_R1_001.flexbar_q.fastq
Ser_3-half,9.322.33
Ser_3-tRF,27.9523.292.336.99102.4769.8713.97437.8437.2613.9713.9744.25
Ser_5-half,9.3260.55
Ser_5-tRF,253.85263.1741.9211.6434.9383.8495.4930.2837.2683.8432.679.189.329.32
Ser_i-tRF,11.644.6611.6420.966.9911.644.66
Sex,0.0
Sup_i-tRF,18.63
Thr_3-tRF,13.9718.6320.96121.1202.624.666.9916.348.91
Thr_i-tRF,18.6323.2927.95
Time_taken,24.0
Treatment,0.0
Trp_3-tRF,18.6358.22
Tyr_3-tRF,23.29121.1524.0139.59116.45125.76780.199.3216.348.91
Val_3-half,9.3269.87
Val_3-tRF,673.06158.3713.97966.51244.5416.3510.0437.269.3213.9790.8316.36.99
Val_5-half,1311.1932.6160.734.93118.7823.2913.9781.5120.9618.63111.79561.27
Val_5-tRF,6.99307.42153.7113.9716.320.9611.6411.6446.586.99151.3823.2962.8811.649.3279.18
Val_i-tRF,20.9660.5516.325.62102.4711.6437.26
