"logFC","logCPM","LR","PValue","FDR","transcript"
1.36737533943895,8.02880835857428,32.5874790472574,1.13946461815436e-08,4.54646382643588e-06,"tRF-29-PSQP4PW3FJFL"
1.20446164707348,8.2518447689991,26.6537124771846,2.43382696511142e-07,4.85548479539729e-05,"tRF-29-79MP9P9NH52Q"
1.10041490762451,10.7448997881758,24.2780588710179,8.33834941709489e-07,0.000110900047247362,"tRF-28-P4R8YP9LOND5"
1.12359317978079,8.8155229894206,23.6877853753854,1.13299355065105e-06,0.000113016106677442,"tRF-28-86J8WPMN1E0J"
1.0967571625763,8.60644785444184,22.4246735142291,2.18548329350188e-06,0.00015778023006854,"tRF-30-RRJ89O9NF5W8"
1.06785060296583,10.7249065682415,22.2668825203786,2.37263503862466e-06,0.00015778023006854,"tRF-30-R9J89O9NF5W8"
1.05751628616696,8.23058802939163,20.2360628904006,6.8450315076986e-06,0.000363846007924024,"tRF-29-RRJ89O9NF5JP"
1.10539265948313,7.03658869034012,20.1142377587188,7.29515805361451e-06,0.000363846007924024,"tRF-28-PIR8YP9LOND5"
0.931811202432603,9.78735111686071,16.9277978839137,3.88287901314871e-05,0.00172140969582926,"tRF-30-86J8WPMN1E8Y"
0.934765144150898,9.08422437854133,16.3853288894936,5.16837289077106e-05,0.00189699361650494,"tRF-30-86V8WPMN1E8Y"
0.958464824126912,8.5858649002051,16.3629327520696,5.22980696279557e-05,0.00189699361650494,"tRF-28-86V8WPMN1E0J"
0.900270578389329,8.9752172534492,15.7835903803212,7.1015775085638e-05,0.00236127452159746,"tRF-29-P4R8YP9LONHK"
0.873469366136582,10.8361991285409,15.2387403795035,9.47398834874859e-05,0.0029077856547313,"tRF-29-86V8WPMN1EJ3"
0.854331796986321,11.490554873875,14.5995092645862,0.00013294916085637,0.00378905108440654,"tRF-29-86J8WPMN1EJ3"
0.81907633251668,9.0115437838633,12.8023650316743,0.000346181445485319,0.00920842644990947,"tRF-31-XSXMSL73VL4YD"
0.884945969972802,6.21240923308597,12.1762428690942,0.000484020379419012,0.0120702582117616,"tRF-25-PS5P4PW3FJ"
0.789827833569951,10.4858833121851,11.9478999937166,0.00054709009491049,0.0128405263452521,"tRF-31-86J8WPMN1E8Y0"
0.843750777599062,6.89548767687015,11.5013295610989,0.000695464254696476,0.0154161243124386,"tRF-28-PER8YP9LOND5"
-0.839442518488645,6.48324908034729,11.2615000902426,0.000791312370238682,0.0166175597750123,"tRF-17-W96KM8N"
0.770803051366321,10.2525896646059,11.1234132284511,0.000852447715495864,0.0170063319241425,"tRF-31-86V8WPMN1E8Y0"
-0.806249508842445,6.34864358147366,10.5775834818459,0.00114467189168893,0.0217487659420896,"tRF-16-NS5J7KE"
-0.757753540457777,7.88061895905034,10.0783667627719,0.00150020250496371,0.0272082181582056,"tRF-34-389MV47P596VJ5"
0.776040281943156,7.31033750034268,9.98151637103339,0.00158119415892346,0.0274302812787156,"tRF-31-FSXMSL73VL4YD"
0.690310971374451,10.2833062262593,9.67354217172488,0.00186940544575477,0.031078865535673,"tRF-30-PSQP4PW3FJI0"
-0.73798141110127,6.79804256934577,9.30379653924884,0.00228679473308012,0.0364972439399587,"tRF-17-W9RKM8N"
0.761067650855301,6.2931596742323,8.63815336826613,0.00329194937458013,0.0505187615560566,"tRF-29-XSXMSL73VLH3"
0.699210047833082,7.19713839714123,8.37718648998695,0.00379960163251161,0.0561496685693383,"tRF-33-OUR8309NDJ58W"
0.640413638520675,10.0995046970158,8.31081793996302,0.00394096396162681,0.056158736453182,"tRF-28-PSQP4PW3FJD0"
-0.697016679628474,6.47049362483443,7.78806035964563,0.00525926272850728,0.0723602009887726,"tRF-18-I958M80E"
0.614511629536124,10.3331092790188,7.55197669581165,0.00599442827077193,0.0797258960012667,"tRF-33-6978WPRLXN4V0Q"
-0.702530320892137,6.55679588441353,7.48591866320534,0.00621833361782174,0.0800359714035766,"tRF-24-DRFU8U76ED"
-0.65208304723993,7.07835852053087,7.131693757337,0.00757331548950802,0.0944297775098031,"tRF-36-2VR008R959KUMKB"
0.679431410183879,5.91346811183957,6.89593341094978,0.00863920429026422,0.104455833691377,"tRF-19-PS5P4PJ4"
-0.617048528377989,7.20914449021911,6.67646994453207,0.00976939106255735,0.114646677469423,"tRF-35-9EYK46S9Y81H93"
0.632963646529283,6.4021845183711,6.62415613539345,0.0100604796514351,0.11468946802636,"tRF-31-R9JP9PMNH5SYD"
-0.609916717933237,6.60118350466955,6.29716241370076,0.0120931399966379,0.131281734557464,"tRF-24-MBQ4NKKQ0V"
-0.601536129077905,8.01042571246377,6.28535115857167,0.0121739954351533,0.131281734557464,"tRF-36-PSQP4PW3FJI0E7E"
0.558965758616373,10.489636705349,6.16119965315008,0.0130582615819205,0.137111746610165,"tRF-30-PW5SVP9N15WV"
-0.555754779059254,8.64246881785937,6.02976327506435,0.014066619612884,0.143912339116428,"tRF-17-I958M8N"
-0.600524433280711,6.66836237977768,5.90843457742112,0.0150685564940479,0.150308851028128,"tRF-23-YU8R6Q46D2"
0.617934773333548,6.04597110772304,5.70205168771367,0.0169450939044882,0.158292000931454,"tRF-30-RK9P4P9L5HMV"
-0.550041344830364,7.73028101565295,5.69370570993342,0.0170258643552123,0.158292000931454,"tRF-39-8HM2OSRNLNKSEKH9"
-0.548698970994423,8.48697258906168,5.63394945968253,0.0176158986113269,0.158292000931454,"tRF-32-MIF91SS2P4FI3"
-0.570089705797266,6.83449329284141,5.61943520629794,0.0177623720402192,0.158292000931454,"tRF-17-HSQSD2J"
-0.58699236924878,6.94606361358088,5.61056740708106,0.0178524813080587,0.158292000931454,"tRF-33-3JVIJMRPFQ5D03"
-0.578072781041984,6.56096134050339,5.43104298253536,0.0197818611680637,0.166394315388875,"tRF-16-S45J7KE"
0.598935448673393,6.15286078345824,5.41647821973281,0.0199475563908606,0.166394315388875,"tRF-28-PS5P4PW3FJDD"
0.523138919966593,9.78487637309539,5.38864775427842,0.0202681716076638,0.166394315388875,"tRF-32-XSXMSL73VL4YK"
0.528608058040265,13.6736803525,5.37439817316044,0.0204343896091601,0.166394315388875,"tRF-31-6SXMSL73VL4YD"
-0.577295582573717,5.90185696294135,5.04629667758862,0.0246786302656964,0.196935469520257,"tRF-23-MBQ4NKKQR"
0.480937835014875,12.4982818111105,4.74941309542242,0.0293082888454394,0.221391081317089,"tRF-30-P4R8YP9LON4V"
0.55706694693959,6.71284004647928,4.74564694506405,0.0293725074575172,0.221391081317089,"tRF-31-6978WPRLXN48E"
0.484052352588097,9.73019100161299,4.74357862109679,0.0294078378691872,0.221391081317089,"tRF-33-XSXMSL73VL4YDN"
-0.471794874597044,8.82310633114133,4.27742252080708,0.0386218728859303,0.282278016211866,"tRF-33-389MV47P596V03"
0.531785518798148,5.80393625371595,4.24277641564652,0.0394176558669869,0.282278016211866,"tRF-28-3JVIJMRPFQDS"
0.468649121341446,7.95398964441448,4.23417098723788,0.0396179671876303,0.282278016211866,"tRF-32-6978WPRLXN48Q"
0.51931242092797,6.4343415850975,4.04379328092529,0.0443340641648861,0.310338449154203,"tRF-27-Q1Q89P9L842"
0.495642959175975,6.5919626781883,3.93656011355978,0.0472472968285152,0.325028817837544,"tRF-32-OUR8309NDJ581"
-0.464363098172882,7.78946116021164,3.75039839766237,0.0527949263856491,0.357036875048712,"tRF-36-8HM2OSRNLNKSEK0"
0.424054795027711,11.4196672541392,3.68639789099229,0.0548579687815094,0.364805492397038,"tRF-33-PW5SVP9N15WV0E"
0.42427657872774,9.14446174178383,3.50485597692859,0.0611891657069919,0.400237329788357,"tRF-32-86J8WPMN1E8YN"
-0.43245895437387,8.56810563986243,3.4747307813959,0.0623128609675048,0.401013411710233,"tRF-38-2VR008R959KUMK9"
-0.451498613676617,6.40121222153931,3.42744046312003,0.0641214056503036,0.403144270564246,"tRF-22-ZKXU53K8N"
0.479495325682758,6.14969796874506,3.41351051000051,0.0646647451531623,0.403144270564246,"tRF-35-RPM830MMUKLY5Z"
0.45879970835184,6.78562688357844,3.37966429439233,0.066005498173013,0.405172211862033,"tRF-35-PW5SVP9N15WV7W"
-0.475068813960648,5.73903848508153,3.26235160268634,0.0708874004788039,0.426109005501026,"tRF-16-ZSIJ7KE"
-0.453647676809233,6.66395451952343,3.24479636966822,0.0716505934337745,0.426109005501026,"tRF-36-PSQP4PW3FJIKE7E"
0.440690687601874,6.52068890831797,3.2092188280865,0.0732244354481539,0.426109005501026,"tRF-19-RKIP4OF4"
0.396212182994101,12.6908531684934,3.19889540943916,0.0736880235076963,0.426109005501026,"tRF-31-PSQP4PW3FJI0B"
-0.475183232434025,5.87145336791754,3.16489168064207,0.0752374267163762,0.428853332283344,"tRF-22-DRFU8U76F"
-0.404842606170794,7.95677769948707,3.12698191728362,0.0770061799711396,0.432753039556122,"tRF-35-9EYK46SQYU9H93"
0.416955702526609,7.19765485161236,3.02050662562542,0.0822177778171503,0.449833115293217,"tRF-32-PIR8YP9LON4V3"
-0.393667777694701,8.70722706904248,3.01887984135948,0.0823002942767038,0.449833115293217,"tRF-18-HSQSD2D2"
-0.414162720614884,6.81011567065719,2.9592860795217,0.0853856338929175,0.460390107071272,"tRF-35-2VR008R959KUMK"
-0.471901212542828,6.38980972633446,2.87195688257746,0.0901352132196825,0.479519334328711,"tRF-20-J9ZH0SR9"
0.37253496060933,11.1947863849838,2.80129962981697,0.0941879325902961,0.489799736359218,"tRF-31-PW5SVP9N15WV0"
0.432940728070192,6.39484925463686,2.79561055564332,0.0945227561394981,0.489799736359218,"tRF-41-PSQP4PW3FJI0E7UME"
0.369816128330551,8.67396582212871,2.68792116022745,0.10111165143324,0.517224986177727,"tRF-24-R29P4P9LH9"
0.414927985692585,6.49399229295595,2.55413410240826,0.110006070417958,0.550221997930537,"tRF-34-897PVP9N1QKS1P"
-0.362389199472237,8.11892713417996,2.52054528820955,0.112371721132792,0.550221997930537,"tRF-34-EH623K7SIR3DIY"
-0.388424061815883,6.44066012131937,2.51094715932117,0.113057962387336,0.550221997930537,"tRF-20-S3M8309N"
0.398961230109284,6.0383811516277,2.50003567602267,0.113843719056389,0.550221997930537,"tRF-17-8S68L52"
-0.447680573523928,6.06931470069315,2.47721988480528,0.115506260038085,0.550221997930537,"tRF-22-U1O0789NK"
-0.353285352721324,11.1178438496824,2.47273493009494,0.115836210090639,0.550221997930537,"tRF-35-PSQP4PW3FJI0E7"
-0.354983300954661,8.15729715143837,2.39700593569291,0.121567723536858,0.570653196367134,"tRF-31-389MV47P596VE"
0.396951320949548,5.8101046145246,2.30665583674727,0.128820936573214,0.58236897064917,"tRF-26-9NF5W8E7OMD"
0.341442942541499,8.35503905525043,2.30634246909832,0.128846916483628,0.58236897064917,"tRF-29-3JVIJMRPFQHX"
-0.386488155858474,6.32820368993543,2.28994089635786,0.130214881534027,0.58236897064917,"tRF-33-3JVIJMRPFQRD03"
0.357488750201864,7.55164863165551,2.28689094366253,0.13047104228567,0.58236897064917,"tRF-33-6978WPRLXN480Q"
-0.362568431042415,8.34198414257274,2.27375757473811,0.131580533070966,0.58236897064917,"tRF-34-87R8WP9I1EWJIQ"
-0.384890466220634,5.88076902438081,2.24251861405741,0.134262132219186,0.58236897064917,"tRF-33-KY7343RX6NMHD5"
0.345496699892581,7.68012654496755,2.21992986656555,0.136239248386761,0.58236897064917,"tRF-50-PNR8YP9LON4VN1EH6KK8"
-0.347181205525245,7.38385224265488,2.21881333005088,0.136337816757796,0.58236897064917,"tRF-17-MQ6KM8N"
-0.376370288600203,6.01350268530003,2.18707104756306,0.139173745824898,0.58236897064917,"tRF-36-9LON4VN1EH6KK80"
0.339807280277574,8.26027596256925,2.17859701195053,0.139941981432565,0.58236897064917,"tRF-32-86V8WPMN1E8YN"
0.336564185878943,7.77131620355595,2.17665345339812,0.140118850081003,0.58236897064917,"tRF-26-86J8WPMN1EE"
0.37470925500629,5.92984840482206,2.12747909564331,0.144678524989552,0.593655760793118,"tRF-16-K8KDP1B"
-0.327796707984478,8.59883920300578,2.11554448942181,0.145810186861468,0.593655760793118,"tRF-18-3L90Q4DZ"
-0.370592475136271,6.20526953577157,2.09143195237348,0.148127171649794,0.596542905757888,"tRF-32-PNR8YO9LON4V3"
0.332524107957185,8.47090536371054,2.06833207249122,0.150385911462118,0.596542905757888,"tRF-36-86V8WPMN1E8Y7ZD"
-0.340241715958296,6.91769074361838,2.06207325116375,0.151004595191846,0.596542905757888,"tRF-22-WB8647O52"
-0.365283807034287,5.88105534430189,2.04526571665185,0.152680323367438,0.597249500231447,"tRF-17-Q2FWQ8M"
0.353817134817797,6.77254357257704,2.02676212547283,0.154549563533964,0.598691998544192,"tRF-16-RPM830E"
-0.319173744058323,8.71929920226439,1.98929882325758,0.158414212854009,0.607762220468745,"tRF-16-884U1DD"
-0.319231579003436,8.38364873868165,1.94060837915791,0.163602492473077,0.614779945355552,"tRF-35-PSQP4PW3FJIKE7"
-0.325774534270424,7.3277921598502,1.92856913787022,0.164915073439667,0.614779945355552,"tRF-21-WB0Q37Q5D"
-0.310351897132077,8.220390532852,1.88026630812188,0.170303883171761,0.614779945355552,"tRF-21-WD8S746DD"
0.301359754405066,10.9450055933469,1.87793310919142,0.170569249415134,0.614779945355552,"tRF-32-PW5SVP9N15WVN"
0.318273236132889,7.96800684839094,1.86350488406415,0.172220830821585,0.614779945355552,"tRF-30-PIR8YP9LON4V"
0.315286923007478,7.71772765081321,1.86240527372941,0.17234745369014,0.614779945355552,"tRF-35-86V8WPMN1E8Y7Z"
0.34097721976518,6.19334877657277,1.86071069189466,0.172542798639413,0.614779945355552,"tRF-23-3JVIJMRP9"
0.343853633760687,6.05918191732834,1.85130294906465,0.173631929688678,0.614779945355552,"tRF-22-PS5P4PW3H"
-0.318397936897085,7.8952906590894,1.82883141142209,0.176265635712001,0.614779945355552,"tRF-39-2VR008R959KUMKEV"
-0.323898953460704,8.89640184857645,1.82152391297804,0.177131988256281,0.614779945355552,"tRF-25-U1O0789NLJ"
-0.297451329611981,9.8303616405708,1.82101744823726,0.177192214826788,0.614779945355552,"tRF-16-MBQ4NKD"
-0.389293329291002,5.76663131348823,1.76656433629604,0.183807841628813,0.632235593188761,"tRF-23-J9ZH0SR9D7"
0.296477988206318,8.34783202620204,1.73954970197929,0.187195892589125,0.638385992675733,"tRF-20-40KK5Y93"
0.295520192713926,9.66613939558624,1.68803461096747,0.193860253431011,0.655510517957402,"tRF-34-86V8WPMN1E8Y2Q"
0.2908231067641,10.4707492806046,1.64789630012455,0.19924549789122,0.668058434105855,"tRF-34-86J8WPMN1E8Y2Q"
-0.334098144892955,7.25397253636314,1.63226265976458,0.201390376355484,0.669623001381985,"tRF-37-2VR008R959KUMKH"
0.317355870252012,6.2889073219723,1.59234350759791,0.206991631270929,0.682559180802485,"tRF-22-WE884U1D2"
-0.313594614656842,6.10093921257927,1.55807114583351,0.211947865220908,0.688126974984608,"tRF-22-WB8Y3DUV2"
-0.325112744867292,5.73448546735881,1.55591987114952,0.212263630989465,0.688126974984608,"tRF-19-8NWE6WIZ"
-0.292774543579102,6.99615243126554,1.54514234661989,0.213853997238324,0.688126974984608,"tRF-21-LMK8J7K1B"
0.275590812922683,8.956248097807,1.52371160019698,0.217058680417759,0.692851307893486,"tRF-34-R9JP9PMNH5SYHQ"
-0.318747798838276,5.71319712762963,1.4901155341726,0.22219853493189,0.696624020244556,"tRF-22-WB863IP52"
-0.269869100230752,8.85123579777693,1.46943530112191,0.225434811594341,0.696624020244556,"tRF-22-WB86N7O52"
0.316648069767869,5.86486623573552,1.46467282930919,0.226188085750179,0.696624020244556,"tRF-34-RP9830MMUKLYIE"
-0.320096642786605,7.33633867916968,1.46004624302972,0.226922763144804,0.696624020244556,"tRF-39-U1O0789NLJK1JKEM"
0.273695859161744,14.1641670752,1.45294676553564,0.228055707018904,0.696624020244556,"tRF-32-6SXMSL73VL4YK"
-0.280592630804709,7.30237813151857,1.43558400142104,0.230855283913255,0.696624020244556,"tRF-22-WB86Q3P92"
0.282121920096043,7.10009612064192,1.41850953973698,0.2336488813524,0.696624020244556,"tRF-17-W3FJIK1"
0.275217415537458,7.29788740822291,1.39655426711824,0.237301351611803,0.696624020244556,"tRF-17-8R6546J"
0.270482203923084,7.5933850297751,1.39115402229995,0.238210309561704,0.696624020244556,"tRF-34-RPM830MMUKLYIE"
-0.268573731200856,8.55319561972346,1.38522892681922,0.239212474994767,0.696624020244556,"tRF-40-2VR008R959KUMKF6"
0.258542389337201,10.1142682749738,1.36870578558442,0.242034372136348,0.696624020244556,"tRF-33-86V8WPMN1E8Y0E"
0.296848432719441,6.26832735182565,1.35896399522299,0.243717110960365,0.696624020244556,"tRF-23-R29P4P9LDS"
-0.279438657978323,6.68584411570244,1.35253046097399,0.244836224936751,0.696624020244556,"tRF-18-1SS2PMX"
-0.275314140668714,6.74614664736977,1.35075335289569,0.245146457821162,0.696624020244556,"tRF-40-8HM2OSRNLNKSEK51"
-0.274705321097395,7.05474999846413,1.34442189212324,0.246255661485268,0.696624020244556,"tRF-22-8BWS72092"
-0.259797447901108,8.5215502887482,1.34287528262663,0.246527542166713,0.696624020244556,"tRF-18-MBQ4NKDJ"
-0.281895386897557,7.87752361618519,1.32666769084318,0.249398905297377,0.696624020244556,"tRF-19-S3M830JZ"
0.260684012423535,8.03523147815497,1.31051697823422,0.252301074975783,0.696624020244556,"tRF-17-HR0VX6J"
-0.263046656696184,7.68966094150132,1.30485631270052,0.253328063971947,0.696624020244556,"tRF-41-YDLBRY73W0K5KKOVD"
0.272003762711426,7.06796397578865,1.29689787064093,0.254780641614515,0.696624020244556,"tRF-34-897PVP941QKS1P"
0.254293189588848,8.60540423786456,1.29621896446632,0.254905029964174,0.696624020244556,"tRF-30-3JVIJMRPFQ5D"
0.280468094699676,6.35636970279075,1.2543196187002,0.262729054401107,0.706729297732544,"tRF-33-897PVP941QKSD3"
0.256924824608391,7.69303095114037,1.24656456613286,0.264209642310204,0.706729297732544,"tRF-26-86V8WPMN1EE"
-0.268753468691924,6.75791904698171,1.23642239240538,0.266161661698149,0.706729297732544,"tRF-42-KQWYL1M3WE8S68L52"
0.281496877654366,5.89829445071517,1.2197422578114,0.26941123995156,0.706729297732544,"tRF-23-MNH5SYNXD1"
-0.267702684694281,6.47428134137892,1.21851948114567,0.269651400225946,0.706729297732544,"tRF-33-9LON4VN1EH6KDJ"
0.242852113677744,9.73773362714898,1.21299245929234,0.270740281761754,0.706729297732544,"tRF-33-PS5P4PW3FJHPW"
0.254409496127038,9.59959941605954,1.21167088329389,0.27100146003278,0.706729297732544,"tRF-16-RPM830D"
-0.283001195464104,5.81197612305411,1.19027934376109,0.275273216587063,0.711746729547835,"tRF-18-S5R83004"
-0.246821272566666,8.14817671780135,1.18424696679281,0.276493090425851,0.711746729547835,"tRF-24-XSXMSL732Z"
-0.252255046350876,7.01736131625768,1.14139067572373,0.285358662439388,0.722543697807319,"tRF-22-WB0Q37Q52"
-0.264895818546693,6.21813729643738,1.13421330048128,0.286878415386556,0.722543697807319,"tRF-37-6SXMSL73VL4YMYP"
0.246616893427857,8.37525975411415,1.13277316369485,0.287184590201497,0.722543697807319,"tRF-31-87R8WP9I1EWJ0"
0.263186232883838,6.16531717264848,1.1292707285831,0.287930947246526,0.722543697807319,"tRF-26-3JVIJMRPFQ0"
0.255517627014732,6.40862005698597,1.10424332894618,0.293336753353613,0.731508528675572,"tRF-26-9N1EWJQ72SD"
-0.256504741656147,6.55269314320429,1.08529748340315,0.297515488208744,0.737320992517322,"tRF-35-EH623K7SIR3DR2"
0.242401625625962,6.72277870698824,1.03008266578473,0.310139252647881,0.763861492632743,"tRF-32-PS5P4PW3FJHP1"
-0.232817929001773,7.37506028494969,1.0164147747618,0.313370946783751,0.76708593721912,"tRF-17-MBQ4NKJ"
0.230996682251872,7.48999706557983,0.991608255838813,0.319349620157174,0.776954258797027,"tRF-16-S3M830E"
0.238156992476901,6.52818189962576,0.960789345763722,0.326988082797393,0.790716636582786,"tRF-21-R29P4P9L0"
0.224730804619065,8.08376654690362,0.931387069590571,0.334502755115278,0.801062117098761,"tRF-30-PER8YP9LON4V"
-0.236652726416729,6.36079767309407,0.928117206727453,0.335352646096229,0.801062117098761,"tRF-22-WD8SS46D2"
-0.220505287295271,7.77769363921792,0.909912388396037,0.340137665721329,0.801062117098761,"tRF-32-389MV47P596V5"
-0.244141560386294,6.21739942114846,0.909095156694107,0.340354614297677,0.801062117098761,"tRF-36-87R8WP9I1EWJQZD"
0.219833951988486,7.82204766817766,0.899867592075097,0.342817217055965,0.801062117098761,"tRF-19-HRMFWRE2"
-0.23349592365261,6.31259268449406,0.891116718383302,0.345174867167216,0.801062117098761,"tRF-22-18YKISQI3"
-0.208630007730219,10.481811724741,0.890435367694392,0.34535935467144,0.801062117098761,"tRF-17-884U1D2"
0.216854837321179,8.05431114272886,0.883196467638037,0.347327684857357,0.801062117098761,"tRF-34-PS5P4PW3FJHPEQ"
-0.219174407488228,6.73574367420266,0.857735812168887,0.354373085052039,0.802106997206589,"tRF-21-MNH5SYNXD"
-0.239141625055136,5.94701160506151,0.857589095961629,0.354414246526497,0.802106997206589,"tRF-32-N3R718YKISQI3"
-0.21370189601568,7.42488079513057,0.856787159697276,0.354639346700091,0.802106997206589,"tRF-33-P4R8YP9LON4VDP"
0.222204294579148,6.48691316004685,0.852585637843198,0.355821901016457,0.802106997206589,"tRF-42-79MP9P9NH57S362VL"
-0.22326227713675,6.63073399896861,0.82567643305007,0.363525720367019,0.806841878263994,"tRF-37-87R8WP9N1EWJQ72"
-0.208700345592657,7.46229790011971,0.822950818214629,0.36431882620184,0.806841878263994,"tRF-24-9N1EWJQ7FV"
-0.228673964968263,6.15313868842094,0.820613055264829,0.36500098385558,0.806841878263994,"tRF-22-WURMJKYON"
-0.203617560855605,8.04078603322589,0.804683498534597,0.369696759125421,0.806841878263994,"tRF-21-WEKSPM85D"
-0.24154675524829,6.94502156482005,0.801150915622216,0.370749487310493,0.806841878263994,"tRF-38-U1O0789NLJK1JK8"
-0.219296433466492,7.05707883113176,0.798845680991661,0.371438716152514,0.806841878263994,"tRF-23-DRFU8U767"
-0.226337530757113,5.95042678857845,0.796714637709169,0.372077457645551,0.806841878263994,"tRF-21-XSXMSL73E"
-0.245552961516489,6.72666217200379,0.786801248778005,0.375069113540645,0.808932844879553,"tRF-23-U1O0789NDL"
0.205481024762179,6.85601950926701,0.74197878123406,0.389027740355909,0.83452724947316,"tRF-18-YRRHQFD2"
-0.203779646736883,6.8645830838188,0.731198436334513,0.392495004261309,0.836609715434752,"tRF-24-RK9P4P9LH9"
0.201932738343359,6.69502055785551,0.70915772836863,0.399723567529886,0.836609715434752,"tRF-34-RPM8309MUKLYIE"
0.186455130304131,10.6007305303903,0.708700314246535,0.399875613980078,0.836609715434752,"tRF-34-PW5SVP9N15WV2P"
0.202593860150185,7.34456628000408,0.703719955842544,0.401536551182326,0.836609715434752,"tRF-38-0VL8K87SIRMM12V"
0.19373125178084,7.83387649771151,0.656068435076676,0.417951374456637,0.836609715434752,"tRF-32-FSXMSL73VL4YK"
0.184021702576034,8.29844258212732,0.654658180667891,0.418452165134273,0.836609715434752,"tRF-18-HRF8X7D2"
0.180950394759522,17.3905413418905,0.651274842046206,0.419657258724436,0.836609715434752,"tRF-31-87R8WP9N1EWJ0"
0.179430796179439,8.53545128964017,0.642990676556352,0.422629900248619,0.836609715434752,"tRF-35-86J8WPMN1E8Y7Z"
0.198665455753641,6.40776372317956,0.63983676614415,0.423769912685164,0.836609715434752,"tRF-32-Q1Q89P9L8422Q"
0.176674283185234,9.4865927321081,0.639027057722808,0.424063333370544,0.836609715434752,"tRF-20-VBY9PYKH"
-0.179644848453747,8.39535659396429,0.638341420199772,0.424312031802865,0.836609715434752,"tRF-16-PSQP4PE"
-0.199350155405893,6.4034563140293,0.627609016691355,0.428233700953135,0.836609715434752,"tRF-21-UMX0S75ND"
0.182333032959631,7.57764864430889,0.626524146306366,0.428633153667293,0.836609715434752,"tRF-19-R29P4PJZ"
0.17451917958045,9.66152752902197,0.621360245483494,0.430542258999135,0.836609715434752,"tRF-34-XSXMSL73VL4YHE"
-0.190327365032959,6.58164991073663,0.619809017988178,0.431118264912215,0.836609715434752,"tRF-17-S8V0J8L"
0.19406724341765,6.42620439131461,0.619246834630459,0.431327304646341,0.836609715434752,"tRF-32-RK9P4P9L5HMVQ"
-0.196254767664575,6.11595416543616,0.616561093342302,0.432328083233483,0.836609715434752,"tRF-17-KS8WP92"
0.175317889402527,9.20543993347013,0.613230831034288,0.433573932030185,0.836609715434752,"tRF-18-HSRVK7D2"
0.200526018340874,5.92778725832964,0.61241878704476,0.433878544917257,0.836609715434752,"tRF-47-PNR8YP9LON4VN1EH6KJ"
-0.195875480333564,6.19328517174731,0.608946830078835,0.435184622986335,0.836609715434752,"tRF-22-S3M8309NF"
0.197804280834072,6.3951798749522,0.606611787228054,0.436066391671524,0.836609715434752,"tRF-35-Q1Q89P9L8422YR"
-0.190146823591691,6.94910078580546,0.60084959963141,0.438254048824946,0.836609715434752,"tRF-19-DRFU8U25"
0.170343277386877,15.1087547405453,0.60062160349402,0.438340954431409,0.836609715434752,"tRF-32-87R8WP9N1EWJM"
-0.192521255116761,6.10394393921846,0.587758657093101,0.443287143233454,0.836609715434752,"tRF-23-XSXMSL730H"
0.165726143987375,12.7830528730877,0.570904368644968,0.449899768035196,0.836609715434752,"tRF-32-PSQP4PW3FJI01"
0.172328073480764,7.93629051248438,0.564821824306566,0.452323954016354,0.836609715434752,"tRF-33-FSXMSL73VL4YDN"
0.16463864514887,9.14283402585827,0.550700707488286,0.458031526724333,0.836609715434752,"tRF-27-9N1EWJQ72SJ"
0.165005363415908,9.18775787645153,0.546715818278003,0.459662722662224,0.836609715434752,"tRF-22-WE8SPOX52"
0.170875075301722,7.43244079678694,0.540589543379344,0.462188503229646,0.836609715434752,"tRF-22-WE8SPOL52"
-0.184001377557885,6.08370831179939,0.539414634379927,0.462675422212581,0.836609715434752,"tRF-23-3W2VR008DZ"
0.164710359394294,8.32948959999264,0.536187377271332,0.464017110205853,0.836609715434752,"tRF-17-863IP52"
0.167593553578612,7.57189750811591,0.533640472917313,0.465080337491877,0.836609715434752,"tRF-32-KY7343RX6NMH3"
-0.162523433432691,9.42793841997265,0.520540158037534,0.470611356877935,0.836609715434752,"tRF-22-WEKSP1852"
0.157596461882713,18.438301655463,0.519321021007805,0.471131458870891,0.836609715434752,"tRF-33-87R8WP9N1EWJDW"
0.184255540406063,5.96824377559311,0.517708908822506,0.471820635867607,0.836609715434752,"tRF-33-Q1Q89P9L842205"
0.162092799796315,7.99570683257031,0.514098878481679,0.473369846111258,0.836609715434752,"tRF-29-34HWH3RXSIHM"
0.161995123209554,9.40037462973412,0.511737449751067,0.474387693146968,0.836609715434752,"tRF-36-86J8WPMN1E8Y7ZD"
0.163649071464391,9.14027889702153,0.505754528247358,0.476982486395787,0.836609715434752,"tRF-32-RKVP4PRL5FZU3"
-0.162407651894967,7.84319637375552,0.504749195441146,0.477420766733811,0.836609715434752,"tRF-18-0RSSX7D2"
0.174599941464926,6.30411621655178,0.504318365075228,0.477608790671131,0.836609715434752,"tRF-30-V47P596VW631"
-0.170994805135606,6.91404055028761,0.503714981504984,0.477872323844782,0.836609715434752,"tRF-22-WEK6PM852"
0.167099812611567,7.17668832008081,0.503279448000743,0.478062694534144,0.836609715434752,"tRF-22-8EKSPM852"
-0.181688611267628,5.84083916628544,0.496560495144543,0.481015321940185,0.836615549400763,"tRF-31-N3R718YKISQID"
-0.193867811181419,5.85294392742644,0.493749272269937,0.482259589880139,0.836615549400763,"tRF-39-2R1HPSR9O9337K0V"
-0.15316681622942,12.0537178538487,0.489026526170107,0.484361870437542,0.836625048937572,"tRF-22-WEKSPM852"
-0.17271518676191,6.10868811733111,0.482765926338963,0.487172129670374,0.837852067838272,"tRF-18-73V2Y8DM"
0.155293471370467,8.18485305045271,0.473951296235963,0.49117498170567,0.841110805581813,"tRF-21-WE8SPOX5D"
-0.175845799876283,5.7709835902941,0.459463130946002,0.497874986548655,0.848940682191937,"tRF-22-8B8SOUPR2"
-0.146593351817086,12.0137354754434,0.445558898631475,0.504451542819679,0.855313851869288,"tRF-34-PSQP4PW3FJI0E5"
-0.171774934299241,6.23814938226599,0.442538177649517,0.505899922408902,0.855313851869288,"tRF-39-2S3HPSR95933JK0V"
0.144520807643359,10.8982801025929,0.42973801716613,0.512117527221055,0.862172545827853,"tRF-18-HR0VX6D2"
0.147491469246212,8.17595473791133,0.42192296426532,0.515979078795515,0.864035107845361,"tRF-16-3KMB01B"
0.146513458899989,8.10708714481647,0.418763130614508,0.517554864097848,0.864035107845361,"tRF-34-Q1Q89P9L8422KJ"
-0.164613896900945,5.89622188896528,0.392336249205179,0.531073919396581,0.882910390996816,"tRF-31-6XQ6S8V0JUO9E"
-0.177910939674275,6.03305326382602,0.385229424983113,0.534817739016764,0.88355402690376,"tRF-41-U1O0789NLJK1JKE1B"
-0.139332030179123,8.31454297651255,0.383210704131272,0.535889911054411,0.88355402690376,"tRF-35-897PVP941QKS3W"
-0.136501147642609,8.60049012708781,0.373504471803605,0.541100200247334,0.885577953776528,"tRF-17-BS68BFJ"
0.155777929903306,5.85644614610684,0.372662683524002,0.54155644291096,0.885577953776528,"tRF-19-UJJKIWIZ"
0.132612121543371,11.2386519270728,0.364352071174901,0.546099085291502,0.889361367474732,"tRF-33-86J8WPMN1E8Y0E"
0.131176718981922,9.63957011985276,0.34525488360034,0.556811595052149,0.897189948566165,"tRF-18-H7PU4HD2"
0.134040865306119,7.68817934030078,0.343858761308315,0.557610295301546,0.897189948566165,"tRF-16-W3FJIKB"
-0.145520505217278,6.12568566980751,0.343786144502491,0.557651897855661,0.897189948566165,"tRF-16-R29P4PE"
0.146809722997159,5.9257464758579,0.337383894889015,0.561343193839886,0.898481635007247,"tRF-22-8BWS7K092"
-0.143224247390712,6.15202571422589,0.334607705867036,0.56295841792434,0.898481635007247,"tRF-22-1EWJQ72SJ"
0.133371460897685,7.3285215682429,0.324620405128602,0.56884409187561,0.9002347990092,"tRF-40-87R8WP9N1EWJQ72S"
0.124538409859587,9.54296843858231,0.317695075495017,0.572996123769343,0.9002347990092,"tRF-17-KSPM852"
-0.127606082376494,7.87690633665355,0.31328393776765,0.575671986603448,0.9002347990092,"tRF-42-87R8WP9N1EWJQ72SJ"
-0.135969593944859,6.44330163631064,0.31111748864101,0.576995257932649,0.9002347990092,"tRF-34-PNR8YO9LON4VHJ"
-0.139809767662406,6.05336284870884,0.308582855831194,0.578551106276914,0.9002347990092,"tRF-18-WKXU53DJ"
0.135871350437681,6.96604034686033,0.302222495951696,0.582492458574796,0.9002347990092,"tRF-39-0VL8K87SIRMM12E2"
0.126531074031257,8.00213302523952,0.299822103127241,0.583993967615895,0.9002347990092,"tRF-34-FSXMSL73VL4YHE"
-0.124712331751818,8.04573340555458,0.29944752243717,0.584228982013645,0.9002347990092,"tRF-22-WD8S746D2"
-0.128951421805793,7.03964891304218,0.299234148383263,0.584362939707726,0.9002347990092,"tRF-17-H7PU4HJ"
0.135611937509031,5.98797294149242,0.288590290859595,0.591125324373101,0.901339398218189,"tRF-34-KY7343RX6NMHH3"
-0.12993548801983,6.83483427533071,0.285552073358652,0.593085068022522,0.901339398218189,"tRF-32-PER8YP9LON4V3"
0.127398555805215,7.31851057495949,0.281447220224045,0.595754222573525,0.901339398218189,"tRF-39-EH623K7SIR3DR2I2"
0.12497119755369,7.12182623651664,0.280823858238783,0.596161738680984,0.901339398218189,"tRF-16-489B3RB"
-0.126519531927881,7.25199378768237,0.278495502431348,0.597689017390838,0.901339398218189,"tRF-40-J9ZH0SR9593KMH26"
-0.125867422252623,6.72013035202511,0.275075443810035,0.599947263523505,0.901339398218189,"tRF-19-RK9P4PJZ"
0.115164521300982,14.8917765022661,0.270934231210546,0.602705769586336,0.901339398218189,"tRF-31-P4R8YP9LON4VD"
-0.121436934498221,7.18712304035402,0.27026818521526,0.603151928130969,0.901339398218189,"tRF-17-HSRVK7J"
0.133060426120499,5.74007183977778,0.259233142463113,0.610647486244125,0.902371622148836,"tRF-16-MNH5SYD"
-0.112618601243918,15.1397493064161,0.258371853719595,0.611240925861948,0.902371622148836,"tRF-35-6SXMSL73VL4YMY"
0.124816218627599,6.30712919230109,0.256044738450733,0.612850588002332,0.902371622148836,"tRF-25-3JVIJMRPFQ"
0.120653803381973,6.86053474701375,0.254930711704208,0.613624412575935,0.902371622148836,"tRF-16-3KXR3RB"
0.112836898541501,8.92592977066632,0.249712557414835,0.617277547349007,0.902371622148836,"tRF-22-8EKSP1852"
0.10917074275069,14.4613704732861,0.242925236733509,0.622101291957962,0.902371622148836,"tRF-33-6SXMSL73VL4YDN"
-0.110045403466689,8.51688034258782,0.241334012550293,0.623244276571782,0.902371622148836,"tRF-18-S3M83004"
0.120783528159638,6.20704944669037,0.239354943872176,0.624672396902772,0.902371622148836,"tRF-30-34HWH3RXSINH"
-0.11081753101882,7.96230000177681,0.23714631360096,0.626274837596719,0.902371622148836,"tRF-23-79MP9P9MDD"
-0.122075606442629,8.43522378071155,0.235924036544009,0.627165615272514,0.902371622148836,"tRF-40-U1O0789NLJK1JKE1"
-0.106861725593762,14.762377211675,0.232926710252848,0.629362157535433,0.902371622148836,"tRF-36-87R8WP9N1EWJQ7D"
0.105969195348461,9.83060246750526,0.230731907243079,0.630981660600314,0.902371622148836,"tRF-16-08Q2B5D"
0.115699331080406,7.62573362790776,0.227047331762805,0.63372188317968,0.903053683531044,"tRF-34-RKVP4PRL5FZUHM"
0.103273290531211,12.6890220407057,0.214341143304217,0.643385930947335,0.903378035866982,"tRF-32-P4R8YP9LON4V3"
-0.106890059661153,7.36837835175105,0.213432764679087,0.644090040353168,0.903378035866982,"tRF-22-W0K672052"
0.100302753237803,12.3376663750177,0.210894591407106,0.646067134286376,0.903378035866982,"tRF-18-8R6Q46D2"
0.118140411621736,6.23995476034674,0.210199319055214,0.646611224636363,0.903378035866982,"tRF-40-2S3HPSR95933JKB6"
-0.112417097654572,6.44639076388529,0.208677929157478,0.647805608735916,0.903378035866982,"tRF-40-YDLBRY73W0K5KKOV"
-0.0994686714814998,16.1709652055543,0.208333698064958,0.648076580885951,0.903378035866982,"tRF-35-87R8WP9N1EWJQ7"
-0.0988570655892601,16.4901353872716,0.206154593481788,0.649798236325373,0.903378035866982,"tRF-34-87R8WP9N1EWJI5"
0.10017931703914,7.81396127517669,0.194236458900159,0.65941379318113,0.905029699128155,"tRF-18-R29P4P04"
0.0980663241474841,9.12274430406736,0.192922742535533,0.660495095957575,0.905029699128155,"tRF-49-PNR8YP9LON4VN1EH6K1K"
0.0975735448534699,8.62063863249031,0.190748902728746,0.662294041911797,0.905029699128155,"tRF-16-8871K9D"
0.0952515414098826,10.8188465929644,0.188000922471087,0.664585666452155,0.905029699128155,"tRF-17-08Q2B52"
0.0990342064263039,7.54930307506768,0.187529894392107,0.664980465799919,0.905029699128155,"tRF-21-V47P596VE"
-0.0973549921371614,7.99520865825112,0.185496348791968,0.666691703378804,0.905029699128155,"tRF-19-9N1EWJI5"
0.111781672960781,5.83168552420109,0.184742753433284,0.667328681025556,0.905029699128155,"tRF-36-L85DMKYUYRLHR0D"
0.103217018223548,6.56959461155558,0.182618851943772,0.669132233691243,0.905029699128155,"tRF-28-MUWLV47PU90M"
-0.108275764003761,5.97957187262966,0.178802412455035,0.672404454691118,0.906383031830257,"tRF-39-YDLBRY73W0K5KKH8"
0.0903230290671799,14.8424401775766,0.170170213810461,0.679960577586085,0.9134823921106,"tRF-34-6SXMSL73VL4YHE"
0.104827680656051,5.929605368426,0.166545038991984,0.683200773632842,0.914755398253369,"tRF-42-YDLBRY73W0K5KKOV2"
0.0894955358022818,8.32239324042501,0.158211569423946,0.690808446991593,0.915554849065484,"tRF-48-PNR8YP9LON4VN1EH6KDJ"
-0.0997559527299434,6.12217917625347,0.156271384189051,0.692612824691613,0.915554849065484,"tRF-24-MN1E8Y7ZFV"
0.0931023038759977,7.35596788873756,0.155215178182402,0.693600548469813,0.915554849065484,"tRF-19-HRMF3RE2"
0.093648784003741,6.71429245174166,0.154672753629466,0.694109312737582,0.915554849065484,"tRF-32-897PVP941QKSJ"
-0.0960756982149672,6.32548731153164,0.153438340644257,0.695270975606119,0.915554849065484,"tRF-17-73V2Y8K"
0.0825342158910149,10.8140899765968,0.13795751896058,0.710320017106881,0.93175696585874,"tRF-35-XSXMSL73VL4YMY"
0.0810357786567205,9.65289863847161,0.133979289604385,0.714341335528092,0.93175696585874,"tRF-18-BS68BFD2"
-0.100335510461941,6.02621618273607,0.13212026115913,0.7162437298308,0.93175696585874,"tRF-40-2VR008R9D9KUMKF6"
0.0895878549654475,6.53072796438656,0.131406652097155,0.7169780091504,0.93175696585874,"tRF-30-MIF91SS2P4FI"
0.0823509442040587,7.69618941735601,0.129211496466549,0.719250991189203,0.93175696585874,"tRF-37-9LON4VN1EH6KK8N"
-0.079945276123458,8.70519363796167,0.125970325170201,0.722647288629466,0.933127081434165,"tRF-31-PNR8YO9LON4VD"
-0.0774859193331338,9.04940982549007,0.12207006716949,0.726800089953379,0.935462051262574,"tRF-16-9N1EWJ0"
0.0833289798398857,6.10406975930256,0.11198342275339,0.73789723856005,0.94669131249344,"tRF-24-9MVH7P59H4"
0.071488897391107,8.44222359148375,0.101631981023438,0.749879913568566,0.954224120059932,"tRF-20-18YKISQI"
0.0796551346335971,6.02322563849017,0.0974356364538806,0.754928946599555,0.954224120059932,"tRF-18-YR66EFD2"
-0.068521881316392,9.46008275326103,0.0942397131212012,0.758854885187645,0.954224120059932,"tRF-33-87R8WP9I1EWJDW"
-0.067148798453798,10.3992942904872,0.0926238686204641,0.760867581088442,0.954224120059932,"tRF-31-PER8YP9LON4VD"
-0.0776364543643819,5.86576951541876,0.0924170258426891,0.761126605727932,0.954224120059932,"tRF-17-YRRHQFJ"
0.0755832025951114,7.03191753183479,0.085808739594512,0.769574672816538,0.954224120059932,"tRF-24-7SHRMFWRE2"
0.0660058557121956,7.83865421142242,0.0842474382895055,0.771621856498174,0.954224120059932,"tRF-23-79MP9P9NDE"
0.0657172657904243,8.30259765786968,0.0837171927270717,0.772321790724361,0.954224120059932,"tRF-34-PSQP4PW3FJIKE5"
0.0697862772722325,6.7793558341021,0.0817438375882169,0.774947979343778,0.954224120059932,"tRF-18-HRH7MSD2"
-0.066449262830433,7.26212436240984,0.0809188119442865,0.776056105466529,0.954224120059932,"tRF-25-MBQ4NKKQBR"
0.0723511051694309,6.00393187602128,0.0803713362488239,0.776794816851268,0.954224120059932,"tRF-20-V47P596V"
0.0664490417962857,7.26982609800623,0.0792930786261046,0.77825770392744,0.954224120059932,"tRF-17-H9R8B7J"
-0.062047863293423,8.36964043739992,0.0768614943896164,0.781596551850835,0.954224120059932,"tRF-18-9N1EWJDW"
0.0625997376864586,7.34408780305764,0.070448446778542,0.790684957993636,0.954224120059932,"tRF-34-79MP9P9NH57S1O"
-0.0689094491425567,6.11104009075595,0.0702445547620947,0.7909810410861,0.954224120059932,"tRF-38-L85DMKYUYRLHR0D2"
0.0581283401587572,10.5822319147353,0.0699163627557979,0.791458594693846,0.954224120059932,"tRF-31-PIR8YP9LON4VD"
-0.0659329848033623,6.32054910340779,0.0697891160268718,0.791644074523838,0.954224120059932,"tRF-18-XRPM46D2"
0.0579498681318697,10.4864519816033,0.069421394848991,0.792181098283111,0.954224120059932,"tRF-18-8R6546D2"
0.0668316736722183,5.9386801261608,0.0681953374780875,0.793982718315819,0.954224120059932,"tRF-36-3IRW18V6XO59KND"
-0.0597598354454514,7.6138875824194,0.0670745965972515,0.795644778677291,0.954224120059932,"tRF-41-8HM2OSRNLNKSEK51B"
0.0597659179660823,7.61903484561622,0.0662369061839065,0.796896774634177,0.954224120059932,"tRF-17-8Y3DUV2"
-0.0567655720391912,8.92093069022611,0.0653925648207512,0.798167282645004,0.954224120059932,"tRF-17-9N1EWJM"
-0.0640333490234664,6.02735596083378,0.0643790148943779,0.799704000380786,0.954224120059932,"tRF-21-WE8S68L5D"
0.0611225117195916,6.4880102552551,0.0621425893537264,0.803140987901776,0.954224120059932,"tRF-33-RKVP4PRL5FZUDP"
0.0631164868463613,5.94406850609012,0.0607756157300123,0.805274221508216,0.954224120059932,"tRF-18-PS5P4P0K"
-0.057423475869739,7.54018752418445,0.0603467704299021,0.8059486928827,0.954224120059932,"tRF-23-S3M8309NS"
0.0529769995389303,11.6805135542232,0.058026291454464,0.809643108750825,0.955762131336032,"tRF-18-H9R8B7D2"
-0.0563546179664167,6.80658715023523,0.0555773235045756,0.813627885074801,0.957632820486271,"tRF-21-WB86N7O5D"
0.0553506954781594,6.42823034036013,0.0515952555587269,0.820310301070731,0.962658265080064,"tRF-18-1SS2P4DX"
-0.0567601162789775,5.9075165305568,0.0497918819879963,0.823425810981386,0.96272339226519,"tRF-16-K8QJP1B"
-0.0526513822634319,6.71144899150656,0.0487847925093909,0.825191479084449,0.96272339226519,"tRF-31-3JVIJMRPFQRDE"
-0.054249339318026,6.17086315650306,0.0452480020674528,0.831548659598697,0.96731170606379,"tRF-42-PNR8YP9LON4VN1EH4"
0.0509532271160934,6.16033092259453,0.0414527140622383,0.838666565158887,0.971488897728182,"tRF-31-FP18LPMBQ4NKD"
-0.0453381804396886,8.71447506674984,0.0400378539018433,0.841406586865309,0.971488897728182,"tRF-35-FSXMSL73VL4YMY"
0.0517987912975006,6.28542500519852,0.0395088307621343,0.842444006551255,0.971488897728182,"tRF-35-SP5830MMUKLYM9"
0.0417480486362452,10.5908194257115,0.0356201997771066,0.850301972964711,0.975335701248604,"tRF-39-87R8WP9N1EWJQ7FV"
-0.0487415350773699,5.92452612301211,0.0349033988805161,0.851798226229527,0.975335701248604,"tRF-19-1SS2P4IR"
-0.0471152724536711,5.83198865649786,0.0342796740354885,0.853113182295145,0.975335701248604,"tRF-16-8Y3DUVD"
0.0394014309735147,10.4873368022644,0.0320380192414191,0.857944239569005,0.97766775674125,"tRF-18-YSQSD2D2"
0.0367864674501208,8.92558054636599,0.0273563578498468,0.86863106217872,0.97766775674125,"tRF-17-8R6Q46J"
0.040574884608381,6.56114744950809,0.026743487297793,0.870097720955607,0.97766775674125,"tRF-21-WE8SPOL5D"
0.0380773204705249,7.16151337097754,0.0240715824152851,0.876702912865219,0.97766775674125,"tRF-36-XSXMSL73VL4YMYE"
-0.0385783867705736,6.11893259655434,0.0238315065615495,0.877314406808373,0.97766775674125,"tRF-23-9LON4VN18"
0.0404320492540001,5.75013120863308,0.0235151768699353,0.878124961084734,0.97766775674125,"tRF-19-MPW4PU24"
0.0392066685471848,5.87096372635342,0.0231323363469791,0.879113440753342,0.97766775674125,"tRF-38-87R8WP9N1EWJQ7D1"
0.0382663547095497,6.32737306925164,0.0230392294778881,0.8793551018239,0.97766775674125,"tRF-18-S5S8R6D2"
0.0367387953036112,6.25276399493974,0.0225325428678254,0.880679063620757,0.97766775674125,"tRF-34-4R94SX73V2Y81W"
0.0347187636342312,7.29369160868292,0.022532404044874,0.880679428436894,0.97766775674125,"tRF-19-V47P59I8"
-0.0352082213505748,6.85247811967043,0.0219802601270267,0.882139624386613,0.97766775674125,"tRF-21-WD8SS46DD"
-0.0362127841652247,6.10577214994521,0.0210817247430199,0.884556541813511,0.97766775674125,"tRF-19-1PW4PU24"
-0.0304467976559294,11.2762315495247,0.0190173162103555,0.890316853598676,0.980911962353778,"tRF-36-6SXMSL73VL4YMYE"
-0.0421529881399012,5.71073836639499,0.0182944745970701,0.892408627404565,0.980911962353778,"tRF-22-UMJYX9X5M"
0.0310843599850677,6.34317544075089,0.0156518847547531,0.900438451508867,0.98232856677995,"tRF-19-D7M4O1J2"
0.0306168389686418,6.27484812384977,0.0154369969505019,0.901120729669585,0.98232856677995,"tRF-19-18YKISIM"
-0.0298596529060258,6.36115434351964,0.01438402941411,0.90453587640192,0.98232856677995,"tRF-32-87R8WP9I1EWJM"
-0.0255115680344762,9.61277498459492,0.0132259838644835,0.908441731514683,0.98232856677995,"tRF-33-6978WPRLXN4V05"
-0.0271672566386111,6.35954047831539,0.0125848026212054,0.910679095700141,0.98232856677995,"tRF-19-XSXMSL24"
-0.0269667525527573,6.33833863103755,0.0120145751192346,0.912717872748398,0.98232856677995,"tRF-35-897PVP9N1QKS3W"
-0.025725488291174,6.84903219380834,0.0118307816170784,0.913385397815596,0.98232856677995,"tRF-36-897PVP941QKS3WD"
0.0248139687612404,7.3522609164034,0.0115768642073242,0.914316299164319,0.98232856677995,"tRF-18-18YKISD8"
-0.0242216952861253,7.68250977796915,0.0111632134173476,0.915855205118149,0.98232856677995,"tRF-33-PSQP4PW3FJIKW"
0.0238378200021548,6.82227514295571,0.00989685141749419,0.920754848305088,0.984224360414462,"tRF-19-1SS2PMER"
-0.0222087342292733,7.20119226888687,0.00874425445285709,0.925497834966784,0.984224360414462,"tRF-24-S3M8309N0Y"
-0.0201002603295942,10.5782846083777,0.00836540738578861,0.927125021702007,0.984224360414462,"tRF-17-8871K92"
0.0217076968992148,6.11071261161441,0.00670763634113314,0.934726106560492,0.984224360414462,"tRF-16-3JWB61B"
-0.0193303893292129,6.90956745839832,0.00668851708067564,0.934818992876604,0.984224360414462,"tRF-21-JOWU1M70E"
-0.0178824009412652,6.73109705322886,0.0056660876730561,0.939997169688596,0.984224360414462,"tRF-34-R9J89O9NF5W8E5"
-0.0186062575610582,5.97274613000849,0.00535014890623842,0.941690961824233,0.984224360414462,"tRF-16-JMRPFQD"
0.0173313117967081,6.92417000382494,0.0053121745305873,0.941897896286873,0.984224360414462,"tRF-27-XSXMSL73VL3"
0.0157514955311829,11.2206391807678,0.00503675272508275,0.943421565493555,0.984224360414462,"tRF-33-PSQP4PW3FJI0V"
0.0178322627432402,5.78917127317954,0.0048218496546113,0.944639756839819,0.984224360414462,"tRF-17-8SPOL52"
0.0152581432907577,10.260284541594,0.00480146424705197,0.94475671688907,0.984224360414462,"tRF-17-WS72092"
0.0136118954136263,7.26096544709901,0.00315729155539657,0.955190621411102,0.992137854991638,"tRF-38-EH623K7SIR3DR2DV"
0.0138268628435793,5.86297040764248,0.00271780865231364,0.95842303211474,0.992137854991638,"tRF-40-PNR8YP9LON4VN1EH"
0.0108189407090906,8.58385617067093,0.00219247963730851,0.962653563233031,0.992137854991638,"tRF-37-EH623K7SIR3DR2M"
0.0115004455710924,7.07163184429437,0.00186632459945457,0.965541324570751,0.992137854991638,"tRF-30-KY7343RX6NMH"
-0.00935446395649733,5.6874967544533,0.00185883786247132,0.965610466388979,0.992137854991638,"tRF-39-2VR008R9D9KUMKEV"
0.0098140824105298,7.6279780456956,0.00168343360838463,0.967272244590845,0.992137854991638,"tRF-31-3JVIJMRPFQ5DE"
-0.00720025138883499,7.59502435558128,0.000999323900792604,0.974781405988693,0.995030967061061,"tRF-22-WD8YQ84V2"
0.0064344040584882,6.32164152101013,0.000719411925832247,0.978601821417988,0.995030967061061,"tRF-26-9MV47P596VE"
0.00544390418108432,6.84967961634968,0.00052309754955715,0.981752913007817,0.995030967061061,"tRF-17-PSQP4P5"
-0.00479888234068315,7.33534225538221,0.000489137724009936,0.982355057929521,0.995030967061061,"tRF-32-79MP9P9MH57SJ"
0.00560765490191169,6.33471945325172,0.000477734930722562,0.982561907323453,0.995030967061061,"tRF-22-WE8S68L52"
-0.00365728895206128,7.26114879358483,0.000258604602493051,0.987169621500968,0.996437325976158,"tRF-21-VBY9PYKHD"
0.0039620198081153,6.65925666472446,0.00014629422334167,0.990349650075148,0.996437325976158,"tRF-40-2R1HPSR9O9337KB6"
-0.00183954502746793,7.72419490689935,6.44671463465585e-05,0.993593739147345,0.996437325976158,"tRF-17-YSQSD2J"
-0.00134026878847002,7.58118584508666,3.45587912384815e-05,0.995309524930978,0.996437325976158,"tRF-17-KSP1852"
-0.000992332562387777,14.274759265483,1.99376945317908e-05,0.996437325976158,0.996437325976158,"tRF-33-PSQP4PW3FJI0W"
