Trfs,Ester_24h_CNT_F_S_S5_R1_001.flexbar_q.fastq,Ester_24h_CNT_F_S_S6_R1_001.flexbar_q.fastq,Ester_24h_CNT_M_S_S17_R1_001.flexbar_q.fastq,Ester_24h_CNT_M_S_S18_R1_001.flexbar_q.fastq,Ester_24h_LPS_F_S_S7_R1_001.flexbar_q.fastq,Ester_24h_LPS_M_S_S19_R1_001.flexbar_q.fastq,Ester_24h_LPS_M_S_S20_R1_001.flexbar_q.fastq,Ester_24h_PS_F_S_S8_R1_001.flexbar_q.fastq,Ester_4h_CNT_F_S_S1_R1_001.flexbar_q.fastq,Ester_4h_CNT_F_S_S2_R1_001.flexbar_q.fastq,Ester_4h_CNT_M_S_S13_R1_001.flexbar_q.fastq,Ester_4h_CNT_M_S_S14_R1_001.flexbar_q.fastq,Ester_4h_LPS_F_S_S3_R1_001.flexbar_q.fastq,Ester_4h_LPS_F_S_S4_R1_001.flexbar_q.fastq,Ester_4h_LPS_M_S_S15_R1_001.flexbar_q.fastq,Ester_4h_LPS_M_S_S16_R1_001.flexbar_q.fastq,Ester_7d_CNT_F_S_S10_R1_001.flexbar_q.fastq,Ester_7d_CNT_F_S_S9_R1_001.flexbar_q.fastq,Ester_7d_CNT_M_S_S21_R1_001.flexbar_q.fastq,Ester_7d_CNT_M_S_S22_R1_001.flexbar_q.fastq,Ester_7d_LPS_F_S_S11_R1_001.flexbar_q.fastq,Ester_7d_LPS_F_S_S12_R1_001.flexbar_q.fastq,Ester_7d_LPS_M_S_S23_R1_001.flexbar_q.fastq,Ester_7d_LPS_M_S_S24_R1_001.flexbar_q.fastq,Spearman_correlation,p_values,MINTbase_Unique_ID,tRF_sequence,tRF_type(s),Sequence_locations_in_tRNA_space_(comma_deliminated)
tRF-20-9N1EWJQ7,66.01,23.41,2.83,58.21,125.62,23.9,21.01,15.58,55.19,65.33,25.01,9.27,3.31,2.21,28.82,25.66,5.14,21.53,6.31,53.84,21.72,52.52,15.52,21.8,-0.5654994441362193,0.0039787275680478,tRF-20-9N1EWJQ7,TGGTTAGGATTCGGCGCTCT,i-tRF,trna116_GluCTC_1_-_145399233_145399304@16.35.20
tRF-22-VF4YO9XEJ,10.16,18.21,5.66,0.0,97.71,33.46,31.52,15.58,15.05,31.11,20.84,23.17,4.63,15.44,11.53,5.92,25.69,21.53,0.0,13.46,5.79,6.56,27.16,54.49,0.6030808572376499,0.0018117017375686,tRF-22-VF4YO9XEJ,TAGCACTCTGGACTCTGAATCC,i-tRF,trna42_GlnCTG_6_+_27263212_27263283@20.41.22
tRF-22-WE8SP6X52,66.01,13.0,8.48,69.86,223.33,33.46,91.06,35.07,25.09,40.44,29.18,88.04,14.56,33.09,17.29,1.97,23.12,28.71,37.88,26.92,11.58,108.32,11.64,10.9,-0.5018339438030026,0.0124679297714363,tRF-22-WE8SP6X52,TCGATTCCCGGCCCATGCACCA,3'-tRF,trna37_GlyGCC_1_+_161420467_161420537@53.74.22
tRF-26-RX6NMH490VD,35.54,10.4,19.79,128.07,41.87,19.12,21.01,62.34,5.02,31.11,50.02,13.9,9.26,8.82,46.12,47.38,12.85,35.89,12.63,26.92,7.24,42.67,50.44,43.59,0.5168140615284654,0.0097131465700537,tRF-26-RX6NMH490VD,GGTTAGGATTCGGCGCTCTCACCGCC,i-tRF,trna116_GluCTC_1_-_145399233_145399304@17.42.26
tRF-29-IK9NJ4S2I71V,30.47,7.8,8.48,81.5,0.0,0.0,10.51,23.38,15.05,21.78,12.5,50.97,0.66,0.0,5.76,5.92,23.12,21.53,6.31,13.46,14.48,3.28,11.64,0.0,-0.529200839630862,0.0078348943191774,tRF-29-IK9NJ4S2I71V,ATGGGTGGTTCAGTGGTAGAATTCTCGCC,i-tRF,trna37_GlyGCC_1_+_161420467_161420537@3.31.29
tRF-31-N3R718YKISQID,40.62,18.21,8.48,46.57,27.92,28.68,10.51,23.38,75.26,31.11,4.17,32.44,5.96,4.41,17.29,35.53,35.97,7.18,44.19,26.92,11.58,32.82,15.52,21.8,-0.6029497384498762,0.001816986157635,tRF-31-N3R718YKISQID,CTGGTGGTCTAGTGGTTAGGATTCGGCGCTC,i-tRF,trna116_GluCTC_1_-_145399233_145399304@4.34.31
tRF-31-XSXMSL73VL4YD,456.99,57.22,1388.47,244.49,265.2,1276.11,259.18,105.2,461.6,332.88,575.21,171.45,631.29,269.13,230.59,2398.52,482.98,136.38,151.51,94.23,1204.67,196.94,1032.16,119.88,-0.5467742969793908,0.0056962683424765,tRF-31-XSXMSL73VL4YD,TGCCGTGATCGTATAGTGGTTAGTACTCTGC,5'-tRF,trna33_HisGTG_6_+_27125906_27125977@-1T.30.31
tRF-32-9MVH7P59N3Z6J,35.54,13.0,11.31,11.64,97.71,52.57,31.52,38.96,30.1,3.11,25.01,18.53,5.29,13.24,23.06,21.72,25.69,14.36,12.63,0.0,18.82,16.41,7.76,32.7,0.5055789732343682,0.0117253811880465,tRF-32-9MVH7P59N3Z6J,TGGTCTAGCGGTTAGGATTCCTGGTTTTCACC,i-tRF,trna20_GluTTC_2_-_131094701_131094772@8.39.32
tRF-33-3JVIJMRPFQ5D03,20.31,15.61,2.83,93.14,41.87,28.68,14.01,15.58,65.23,59.11,29.18,41.7,4.63,2.21,23.06,27.64,77.07,43.07,18.94,174.99,11.58,1.64,19.4,119.88,-0.5729895029989508,0.0034264633456138,tRF-33-3JVIJMRPFQ5D03,CCGGCTAGCTCAGTCGGTAGAGCATGAGACTCT,i-tRF,trna119_LysCTT_1_-_145395522_145395594@3.35.33
tRF-33-RPM8309MUKLYD7,20.31,13.0,16.97,58.21,0.0,62.13,59.54,3.9,100.35,3.11,41.68,4.63,35.07,37.5,0.0,57.25,38.54,0.0,25.25,53.84,70.95,9.85,7.76,76.29,0.5509986641823764,0.0052626612242658,tRF-33-RPM8309MUKLYD7,GGTAGCGTGGCCGAGTGGTCTAAGGCGCTGGAT,5'-half,trna27_LeuTAG_16_-_22207032_22207113@1.33.33
tRF-34-8HM2OSRNLNKSE4,30.47,10.4,22.62,11.64,55.83,28.68,14.01,3.9,165.57,3.11,100.04,199.25,17.87,6.62,11.53,203.33,146.44,21.53,12.63,26.92,215.74,3.28,58.2,98.09,0.509324002665734,0.0110196609552482,tRF-34-8HM2OSRNLNKSE4,TCACGCGGGAGACCGGGGTTCGATTCCCCGACGG,i-tRF,trna72_AspGTC_1_-_161432824_161432895@35.68.34
tRF-36-87R8WP9I1EWJQZD,50.78,26.01,31.11,69.86,0.0,23.9,0.0,151.95,20.07,6.22,8.34,69.51,10.59,0.0,0.0,21.72,38.54,100.49,56.82,40.38,27.51,4.92,11.64,10.9,-0.5629796166285765,0.0041806221144194,tRF-36-87R8WP9I1EWJQZD,TCCCTGGTGGTCTAGTGGCTAGGATTCGGCGCTTTC,5'-tRF,trna5_GluTTC_1_+_17199078_17199149@1.36.36
tRF-37-RPD9W1X6L85J3KQ,15.23,2.6,0.0,23.29,55.83,28.68,31.52,15.58,10.03,6.22,12.5,0.0,2.65,13.24,23.06,1.97,2.57,7.18,12.63,0.0,5.79,27.9,7.76,32.7,0.5322572130197105,0.007421206292579,tRF-37-RPD9W1X6L85J3KQ,GGTAGAATTCTCGCCTGCCACGCGGGAGGCCCGGGTT,i-tRF,trna37_GlyGCC_1_+_161420467_161420537@17.53.37
tRF-40-8HM2OSRN2NKSEK51,20.31,26.01,8.48,34.93,13.96,14.34,10.51,11.69,25.09,9.33,33.35,18.53,3.31,13.24,11.53,21.72,33.4,14.36,6.31,13.46,8.69,13.13,19.4,10.9,-0.509324002665734,0.0110196609552482,tRF-40-8HM2OSRN2NKSEK51,TCACGCGGGAGACCGGGGTTCAATTCCCCGACGGGGAGCC,3'-half,trna5_AspGTC_12_+_98897281_98897352@35.74.40
