"trf","logFC","logCPM","LR","PValue","FDR","log2FC","isSg","mir"
"mmu-miR-135a-5p",-3.504064175575,5.65660598568722,314.67316566075,2.09522725246926e-70,1.04761362623463e-67,-5.05477185437709,"Sgnificant","mmu-miR-135a-5p"
"mmu-miR-219a-2-3p",-2.62964200076297,9.17196733120308,248.990140328607,4.31121758448016e-56,1.07780439612004e-53,-3.79337811938429,"Sgnificant","mmu-miR-219a-2-3p"
"mmu-miR-1298-5p",-2.3835310460558,6.35300973136613,180.098804459489,4.61155430708197e-41,7.68592384513662e-39,-3.43835187997372,"Sgnificant","mmu-miR-1298-5p"
"mmu-miR-708-3p",-1.8121868966882,6.96789667562101,121.143724190623,3.55426918555475e-28,4.44283648194343e-26,-2.61416197343113,"Sgnificant","mmu-miR-708-3p"
"mmu-miR-298-5p",-1.78188435468068,5.81384250153643,100.07687820938,1.46594948445375e-23,1.46594948445375e-21,-2.57044917914974,"Sgnificant","mmu-miR-298-5p"
"mmu-miR-146a-5p",1.42702960461768,11.0904407000686,84.7670253646993,3.35676159407032e-20,2.79730132839194e-18,2.05855507186898,"Sgnificant","mmu-miR-146a-5p"
"mmu-miR-881-3p",2.00131527687578,3.61884612606378,75.039392364405,4.61415371957098e-18,3.29582408540784e-16,2.88698825889128,"Sgnificant","mmu-miR-881-3p"
"mmu-miR-9-3p",-1.28075424931903,10.1739439071913,66.6588088840211,3.22810492091311e-16,2.0175655755707e-14,-1.84754622274272,"Sgnificant","mmu-miR-9-3p"
"mmu-miR-132-3p",-1.42500677485434,5.35027016794196,65.1081992933275,7.08964716121093e-16,3.93869286733941e-14,-2.0556370479854,"Sgnificant","mmu-miR-132-3p"
"mmu-miR-219a-5p",-2.57911864274857,2.33269226931534,61.8525294093921,3.70166591506958e-15,1.85083295753479e-13,-3.72049587885343,"Sgnificant","mmu-miR-219a-5p"
"mmu-miR-212-5p",-1.25531951840535,7.06577759668348,61.0093050064992,5.68056839489389e-15,2.58207654313359e-13,-1.81085546723593,"Sgnificant","mmu-miR-212-5p"
"mmu-miR-129-2-3p",-1.39599670338599,4.97395148808861,58.5246503648067,2.00759767941297e-14,8.36499033088738e-13,-2.01378870120744,"Sgnificant","mmu-miR-129-2-3p"
"mmu-miR-7b-5p",-1.27862459810861,11.0449082308687,58.1382741702491,2.44326179274026e-14,9.3971607413087e-13,-1.84447410406605,"Sgnificant","mmu-miR-7b-5p"
"mmu-miR-344-3p",-1.23329797948714,6.21222583976263,55.1360130761387,1.12471178041431e-13,4.01682778719398e-12,-1.77908839633303,"Sgnificant","mmu-miR-344-3p"
"mmu-miR-10a-5p",-1.17306966755697,8.24152099484489,48.3284888410667,3.60476925977857e-12,1.20158975325952e-10,-1.69220631862927,"Sgnificant","mmu-miR-10a-5p"
"mmu-miR-155-5p",1.47615650716425,3.69662928378974,46.8113071885853,7.81611395327388e-12,2.44253561039809e-10,2.12942286191006,"Sgnificant","mmu-miR-155-5p"
"mmu-miR-132-5p",-1.05642017336509,7.66329557233837,44.8725544918926,2.10284703657893e-11,6.18484422523215e-10,-1.52393412082578,"Sgnificant","mmu-miR-132-5p"
"mmu-miR-3059-5p",-1.68787764091404,2.89923950554798,42.9724349962288,5.55165920990628e-11,1.5421275583073e-09,-2.43484022136229,"Sgnificant","mmu-miR-3059-5p"
"mmu-miR-124-3p",-0.846501453789498,8.65509551817485,29.9150139929128,4.5140382195217e-08,1.18790479461097e-06,-1.22111682575057,"Sgnificant","mmu-miR-124-3p"
"mmu-miR-153-3p",-0.973545074368452,4.62930583687908,27.5733256105271,1.51250294000936e-07,3.78125735002341e-06,-1.40438302334391,"Sgnificant","mmu-miR-153-3p"
"mmu-miR-873a-3p",-0.976907329558021,3.96107469240925,23.394396230744,1.3196239619821e-06,3.14196181424308e-05,-1.40923322928989,"Sgnificant","mmu-miR-873a-3p"
"mmu-miR-7a-5p",-0.753589890558558,13.3003423265912,22.6002061339436,1.99463204298599e-06,4.53325464314997e-05,-1.08708767239214,"Sgnificant","mmu-miR-7a-5p"
"mmu-miR-871-3p",1.35073177452468,2.37292369306053,22.0111298445727,2.71073995252655e-06,5.77705500673769e-05,1.94849198375763,"Sgnificant","mmu-miR-871-3p"
"mmu-miR-369-5p",-0.733201258163102,7.77373737791356,21.9675559508692,2.77298640323409e-06,5.77705500673769e-05,-1.05767614337388,"Sgnificant","mmu-miR-369-5p"
"mmu-miR-9-5p",-0.711484958781091,13.9097324418238,21.7851847709044,3.04945787373814e-06,6.09891574747627e-05,-1.02634939437693,"Sgnificant","mmu-miR-9-5p"
"mmu-miR-129-1-3p",-0.808006308726259,5.21712666574522,21.3864481199448,3.7541537827938e-06,7.21952650537269e-05,-1.16558582915748,"Sgnificant","mmu-miR-129-1-3p"
"mmu-miR-668-3p",-0.804092149464057,5.17782913870328,21.1706495917799,4.20149736596987e-06,7.78055067772198e-05,-1.15993947649932,"Sgnificant","mmu-miR-668-3p"
"mmu-miR-344d-3p",-0.82941869923036,4.67465020229919,20.4839113395537,6.01345988637054e-06,0.000107383212256617,-1.19647417578353,"Sgnificant","mmu-miR-344d-3p"
"mmu-miR-7a-2-3p",-1.34829283656758,2.12459267454121,19.4843808126301,1.01425652094315e-05,0.000174871813955715,-1.94497370488989,"Sgnificant","mmu-miR-7a-2-3p"
"mmu-miR-128-3p",-0.667385014584169,14.3962664542725,19.137895219757,1.21606273391735e-05,0.000202677122319559,-0.962733220261165,"Sgnificant","mmu-miR-128-3p"
"mmu-miR-760-3p",-0.725809014698771,6.02667445915657,18.9576593707403,1.33651650378594e-05,0.00021556717802999,-1.04701249615398,"Sgnificant","mmu-miR-760-3p"
"mmu-miR-21a-5p",0.653746623669342,12.6890706693498,18.3313942655852,1.85622911801205e-05,0.000290035799689383,0.943059221418393,"Sgnificant","mmu-miR-21a-5p"
"mmu-miR-3473e",1.43009847974346,1.79737393171109,18.0560363012313,2.14497493150396e-05,0.000324996201743024,2.06298206373703,"Sgnificant","mmu-miR-3473e"
"mmu-miR-1249-3p",-0.620743985811999,6.85335533285546,15.191493815442,9.71400065221366e-05,0.00142852950767848,-0.895451416137795,"Sgnificant","mmu-miR-1249-3p"
"mmu-miR-3099-3p",-0.86977481772926,3.33607312386542,14.7105210082021,0.000125344954614014,0.00179064220877163,-1.25468971115016,"Sgnificant","mmu-miR-3099-3p"
"mmu-miR-495-3p",-0.567384775673913,8.60269267206664,13.5370939507319,0.000233894278294878,0.00324853164298442,-0.81847833001173,"Sgnificant","mmu-miR-495-3p"
"mmu-miR-369-3p",-0.632944795063772,5.0899596016984,13.0453010246818,0.000304046286328752,0.00410873359903718,-0.913051638084747,"Sgnificant","mmu-miR-369-3p"
"mmu-miR-598-3p",-0.554038121246166,8.24350652067647,12.8431962866584,0.000338708546661912,0.00445669140344621,-0.799225174312777,"Sgnificant","mmu-miR-598-3p"
"mmu-miR-146b-5p",0.544512823609308,11.5449558464104,12.7538201488841,0.000355282788493388,0.00455490754478703,0.785484499488676,"Sgnificant","mmu-miR-146b-5p"
"mmu-miR-375-3p",-0.557490964169141,10.0487305073922,12.2006610441002,0.000477725847016302,0.00597157308770378,-0.804206057181959,"Sgnificant","mmu-miR-375-3p"
"mmu-miR-873a-5p",-0.661914645882726,4.26497244059539,11.9504576649962,0.000546339588194468,0.00666267790481059,-0.954841964747677,"Sgnificant","mmu-miR-873a-5p"
"mmu-miR-210-3p",0.599169834633856,4.96921778358667,11.5164703890057,0.000689822448726302,0.00821217200864645,0.864329722386436,"Sgnificant","mmu-miR-210-3p"
"mmu-miR-350-3p",-0.774296462959401,3.15886536243967,11.3203540718032,0.000766620939029846,0.00891419696546332,-1.11695784432049,"Sgnificant","mmu-miR-350-3p"
"mmu-miR-486b-3p",0.735990449082996,3.38158639938167,11.2013829975589,0.000817363909657853,0.00928822624611196,1.06169967806158,"Sgnificant","mmu-miR-486b-3p"
"mmu-miR-214-3p",0.695825012208404,3.60706902345755,10.7661677355057,0.00103372323862312,0.0114858137624791,1.00375920960565,"Sgnificant","mmu-miR-214-3p"
"mmu-miR-487b-3p",-0.604399533059342,4.50430483907332,10.5009046489362,0.00119316113679128,0.0126860468489445,-0.871873800086922,"Sgnificant","mmu-miR-487b-3p"
"mmu-miR-296-3p",-0.727929014998521,3.32379749805554,10.4881291516698,0.0012014396465054,0.0126860468489445,-1.05007069295333,"Sgnificant","mmu-miR-296-3p"
"mmu-miR-153-5p",-0.740580996118612,3.20140804991658,10.4630497764843,0.00121786049749867,0.0126860468489445,-1.06832175082884,"Sgnificant","mmu-miR-153-5p"
"mmu-miR-135b-5p",-0.555864364803422,5.30217005508512,10.3663756939096,0.0012833123448871,0.0130950239274194,-0.801859613658037,"Sgnificant","mmu-miR-135b-5p"
"mmu-miR-665-3p",1.02012435463372,1.90067564431217,10.3017351012755,0.00132905185164735,0.0132905185164735,1.47157575243922,"Sgnificant","mmu-miR-665-3p"
"mmu-miR-708-5p",-0.535206303714031,5.56530279055055,10.0848490234649,0.0014949341072509,0.014656216737754,-0.772059421501591,"Sgnificant","mmu-miR-708-5p"
"mmu-miR-136-5p",-0.47070005067515,7.1113282100904,8.85559233725717,0.00292192282462834,0.0280954117752725,-0.679006219289974,"Sgnificant","mmu-miR-136-5p"
"mmu-miR-488-3p",-0.483665268128307,6.17575666591006,8.81317791531026,0.00299062704128988,0.0282134626536781,-0.697709134814442,"Sgnificant","mmu-miR-488-3p"
"mmu-miR-223-5p",0.617850728423538,3.67978023122132,8.7749250363614,0.00305399709241574,0.0282777508557013,0.891277760838728,"Sgnificant","mmu-miR-223-5p"
"mmu-miR-215-5p",-1.08755016449549,1.42544780442874,8.56564029015702,0.00342566476933274,0.031142406993934,-1.56884054807955,"Sgnificant","mmu-miR-215-5p"
"mmu-miR-673-3p",-0.586147976347589,3.90368760659833,8.51681317055153,0.00351880149833969,0.0314178705208901,-0.845545099885533,"Sgnificant","mmu-miR-673-3p"
"mmu-miR-181b-5p",-0.442471219845977,10.5850321586734,8.38918920343556,0.00377459244235965,0.0331104600206987,-0.638284847646185,"Sgnificant","mmu-miR-181b-5p"
"mmu-miR-376a-3p",-0.788362982942284,2.44034055542093,8.28845715869024,0.00398978724547858,0.0343947176334361,-1.13724943880501,"Sgnificant","mmu-miR-376a-3p"
"mmu-miR-342-3p",-0.466733288049569,6.06999767056811,8.14563220678682,0.00431650037350548,0.0356729850647086,-0.673283983888994,"Sgnificant","mmu-miR-342-3p"
"mmu-miR-216a-3p",0.466598863407889,6.06457488473285,8.13670072265682,0.00433781408138471,0.0356729850647086,0.673090070232949,"Sgnificant","mmu-miR-216a-3p"
"mmu-miR-346-5p",-0.476796500258163,5.6784922222998,8.13073745734419,0.00435210417789446,0.0356729850647086,-0.687800624934325,"Sgnificant","mmu-miR-346-5p"
"mmu-miR-486a-3p",0.467598360984085,5.96870775562441,8.09503873080988,0.00443865899250923,0.0357956370363647,0.674531890919879,"Sgnificant","mmu-miR-486a-3p"
"mmu-miR-449a-5p",0.909811496190725,1.85115512863875,8.04398785087159,0.0045654920132078,0.0362340635968873,1.3124444397423,"Sgnificant","mmu-miR-449a-5p"
"mmu-miR-666-5p",-0.460636216127517,6.13145030966424,7.96771745199045,0.00476189477677477,0.0372023029435529,-0.664488680492291,"Sgnificant","mmu-miR-666-5p"
"mmu-miR-741-3p",0.864367124325229,1.96918704455579,7.77468430945756,0.00529834748237963,0.0407565190952279,1.24688886760217,"Sgnificant","mmu-miR-741-3p"
"mmu-miR-504-5p",0.423550824113093,7.70627165530867,7.41870269323066,0.00645493396938554,0.0489010149195874,0.610991316753999,"Sgnificant","mmu-miR-504-5p"
"mmu-miR-3473b",0.652369360148282,2.89763237262977,7.25646031112056,0.00706464000990922,0.0527211941038001,0.941072456184228,"N.S.","mmu-miR-3473b"
"mmu-miR-1193-5p",0.88101755607638,1.7160485044538,6.95529675874701,0.00835714356964264,0.0614189214029562,1.27090787226698,"N.S.","mmu-miR-1193-5p"
"mmu-miR-877-3p",-0.541421898256595,3.73971910565939,6.93007548300383,0.00847581115360795,0.0614189214029562,-0.781025699165959,"N.S.","mmu-miR-877-3p"
"mmu-miR-148b-5p",-0.524997266834566,3.81187644200442,6.6412483236189,0.00996440887437158,0.0711743491026542,-0.757332421739907,"N.S.","mmu-miR-148b-5p"
"mmu-miR-8103",-0.560588896802389,3.41838640115657,6.53066727335637,0.0106030173554619,0.0746691363060694,-0.808674965825371,"N.S.","mmu-miR-8103"
"mmu-miR-200b-5p",-0.816944282957853,1.83193790113574,6.4828766908247,0.0108918566349449,0.0756378932982281,-1.17847926327206,"N.S.","mmu-miR-200b-5p"
"mmu-miR-770-5p",-0.489820613793249,4.19239289374568,6.34658940293961,0.0117607188017759,0.0805528685053146,-0.706588500734162,"N.S.","mmu-miR-770-5p"
"mmu-miR-129-5p",-0.380516928248909,11.2732821589569,6.2751498043787,0.0122442769318727,0.0827316008910317,-0.548912965816612,"N.S.","mmu-miR-129-5p"
"mmu-miR-29b-3p",-0.388634013021052,7.53423617419421,6.18648579848199,0.0128729570427558,0.0858197136183719,-0.560622229571488,"N.S.","mmu-miR-29b-3p"
"mmu-miR-181a-5p",-0.378219851549439,12.5064306247759,6.12041949881359,0.0133629085296196,0.0878512413862941,-0.545599328261466,"N.S.","mmu-miR-181a-5p"
"mmu-miR-150-5p",-0.38719440930179,7.52347561616664,6.09857531575078,0.0135290911734893,0.0878512413862941,-0.558545535767675,"N.S.","mmu-miR-150-5p"
"mmu-miR-370-5p",-0.606967638727504,2.80305642959815,5.98928674461306,0.0143930209956019,0.0922629551000119,-0.875578409249327,"N.S.","mmu-miR-370-5p"
"mmu-miR-344d-3-5p",-0.725104727320149,2.09669059320974,5.82394800657319,0.0158094205077292,0.10005962346664,-1.04599652959616,"N.S.","mmu-miR-344d-3-5p"
"mmu-miR-363-3p",0.386634374182469,6.36720553229108,5.7431794179047,0.0165528028803604,0.103183364333109,0.557737659651039,"N.S.","mmu-miR-363-3p"
"mmu-miR-1224-5p",-0.39341870913413,5.97202183566401,5.72597999958053,0.0167157050219636,0.103183364333109,-0.567524371208254,"N.S.","mmu-miR-1224-5p"
"mmu-miR-100-3p",-0.699595540347892,2.14514226555434,5.66854390886255,0.0172717868103525,0.105315773233857,-1.00919836784039,"N.S.","mmu-miR-100-3p"
"mmu-miR-6989-3p",-0.776365758907461,1.7832408539422,5.6339248259564,0.0176161461484103,0.105331596404867,-1.1199428977877,"N.S.","mmu-miR-6989-3p"
"mmu-miR-187-3p",-0.413511167499164,5.19437514448803,5.62602564055586,0.0176957081960176,0.105331596404867,-0.596508655724719,"N.S.","mmu-miR-187-3p"
"mmu-miR-496a-3p",-0.433627763206156,4.52427189953785,5.53618707054974,0.0186271248795719,0.109438281845093,-0.625527759454148,"N.S.","mmu-miR-496a-3p"
"mmu-miR-384-5p",-0.383486443845049,6.18043344700965,5.51784954023805,0.018823384477356,0.109438281845093,-0.553196627046657,"N.S.","mmu-miR-384-5p"
"mmu-miR-330-5p",-0.354253137177221,10.345674863103,5.41978072640333,0.0199098602157428,0.114424483998522,-0.511026253346049,"N.S.","mmu-miR-330-5p"
"mmu-miR-770-3p",-0.356768905182385,8.56651596309485,5.35685578291754,0.0206409559503873,0.117278158809019,-0.514655363050513,"N.S.","mmu-miR-770-3p"
"mmu-miR-183-5p",0.331859642296558,15.256984724739,4.79612275351997,0.0285238600727139,0.160246404902887,0.478722619059632,"N.S.","mmu-miR-183-5p"
"mmu-miR-144-5p",-0.37953245297632,5.39908857183983,4.70591296389122,0.0300590325977134,0.166994625542852,-0.547492815485491,"N.S.","mmu-miR-144-5p"
"mmu-miR-1983",-0.40608702744814,4.29952856134404,4.59125295533925,0.0321355142502685,0.17656875961686,-0.585798996228625,"N.S.","mmu-miR-1983"
"mmu-miR-145a-5p",-0.341461162105886,6.32941839602406,4.45329937099972,0.0348338843823426,0.189314589034471,-0.492573247832282,"N.S.","mmu-miR-145a-5p"
"mmu-miR-3102-5p.2-5p",0.468638519127154,3.2441362066047,4.35631077898428,0.0368720738887987,0.196801329257348,0.676032366322794,"N.S.","mmu-miR-3102-5p.2-5p"
"mmu-miR-574-5p",0.327122869477131,7.1391883041577,4.32910055952727,0.0374660387910273,0.196801329257348,0.471889608952364,"N.S.","mmu-miR-574-5p"
"mmu-miR-10b-3p",0.404568232512397,4.07873841016102,4.31600816407499,0.0377553927665963,0.196801329257348,0.583608065495313,"N.S.","mmu-miR-10b-3p"
"mmu-miR-410-5p",0.509854840826839,2.82464742425064,4.30393231677337,0.03802435634176,0.196801329257348,0.735488783908049,"N.S.","mmu-miR-410-5p"
"mmu-miR-96-5p",0.314068676374338,11.9455592566033,4.28528416295519,0.0384436558601478,0.196801329257348,0.453058342008809,"N.S.","mmu-miR-96-5p"
"mmu-miR-325-5p",-0.328749175897976,6.81350304579844,4.27957197964045,0.0385730605344403,0.196801329257348,-0.474235629889988,"N.S.","mmu-miR-325-5p"
"mmu-miR-24-2-5p",0.31429379422397,9.53427854144458,4.23818934832963,0.0395242979255975,0.199298394139886,0.453383084739884,"N.S.","mmu-miR-24-2-5p"
"mmu-miR-543-3p",-0.312073938232168,10.9718554771951,4.21678276980541,0.0400259847551553,0.199298394139886,-0.450180841565701,"N.S.","mmu-miR-543-3p"
"mmu-miR-122-5p",0.350841979440535,5.3194034167691,4.20696628526837,0.0402582756162569,0.199298394139886,0.506105503252934,"N.S.","mmu-miR-122-5p"
"mmu-miR-124-5p",-0.411707764420981,3.88567145903484,4.1803663679945,0.0408948594666847,0.200464997385709,-0.593907164808759,"N.S.","mmu-miR-124-5p"
"mmu-miR-138-1-3p",0.326205797143859,6.32277770904203,4.07807702509571,0.0434430731521702,0.210888704622185,0.470566690425082,"N.S.","mmu-miR-138-1-3p"
"mmu-miR-467b-5p",-0.354662377568276,4.96390622854468,4.02496229873148,0.0448316218579431,0.213483913609253,-0.511616601212621,"N.S.","mmu-miR-467b-5p"
"mmu-miR-467a-5p",-0.354662377568276,4.96390622854468,4.02496229873148,0.0448316218579431,0.213483913609253,-0.511616601212621,"N.S.","mmu-miR-467a-5p"
"mmu-miR-217-5p",0.305825587465565,8.96260305038718,3.98330809071569,0.0459532293710201,0.216760515901038,0.441167311559187,"N.S.","mmu-miR-217-5p"
"mmu-miR-224-5p",0.342608863272193,5.23949251693372,3.93411269804349,0.0473160954041048,0.219920571934806,0.494228858934705,"N.S.","mmu-miR-224-5p"
"mmu-miR-3963",0.408946217390823,3.73208638945993,3.92748826299919,0.047502843537918,0.219920571934806,0.589923507688584,"N.S.","mmu-miR-3963"
"mmu-miR-758-3p",-0.310477044534613,6.30233969339653,3.68718545200045,0.0548320691646958,0.251523253049064,-0.447877249818411,"N.S.","mmu-miR-758-3p"
"mmu-miR-3095-3p",-0.421322852829132,3.32017623844453,3.65358519969277,0.0559486540775952,0.254312063989069,-0.607777366901988,"N.S.","mmu-miR-3095-3p"
"mmu-miR-500-3p",-0.731998879624508,1.28188339272115,3.63848696889619,0.056458220494489,0.254316308533734,-1.05594165767651,"N.S.","mmu-miR-500-3p"
"mmu-miR-181c-3p",-0.426931613696569,3.22047515967793,3.58630120746725,0.0582577753638166,0.260079354302753,-0.615868259405691,"N.S.","mmu-miR-181c-3p"
"mmu-miR-203-3p",-0.310080768219587,5.92754682582239,3.53137795560604,0.0602177229373957,0.264804382420657,-0.447305603220807,"N.S.","mmu-miR-203-3p"
"mmu-miR-7a-1-3p",-0.52519972065722,2.29698243764043,3.52704231696461,0.0603753991919097,0.264804382420657,-0.757624470581848,"N.S.","mmu-miR-7a-1-3p"
"mmu-miR-206-3p",-0.383954444308956,3.74525192608995,3.47013878359308,0.0624860678839666,0.271678556017246,-0.553871738989321,"N.S.","mmu-miR-206-3p"
"mmu-miR-216b-5p",0.28614740042783,8.20277977158278,3.44328198300379,0.0635094166989988,0.273747485771547,0.412780632263511,"N.S.","mmu-miR-216b-5p"
"mmu-miR-6896-5p",0.525890659794744,2.21855498580435,3.40059885982613,0.0651727538318876,0.278516042016614,0.758621181695128,"N.S.","mmu-miR-6896-5p"
"mmu-miR-451a",-0.286191285680849,9.92787298950315,3.37419589751113,0.0662248888939174,0.280613935991175,-0.412843938735843,"N.S.","mmu-miR-451a"
"mmu-miR-150-3p",-0.510245258425005,2.30245992039967,3.35054692751847,0.0671826881268765,0.282280202213767,-0.736051979040267,"N.S.","mmu-miR-150-3p"
"mmu-miR-181a-1-3p",-0.315535163791476,5.20217486899733,3.31464837726771,0.0686650084126336,0.284928056309048,-0.455173816768837,"N.S.","mmu-miR-181a-1-3p"
"mmu-miR-330-3p",-0.281424845048197,8.25410660465605,3.29595434724577,0.0694507384767137,0.284928056309048,-0.405968131459416,"N.S.","mmu-miR-330-3p"
"mmu-miR-3470b",0.602947123035306,1.71659920384931,3.29425957556791,0.0695224457394076,0.284928056309048,0.869778632606346,"N.S.","mmu-miR-3470b"
"mmu-miR-181d-5p",-0.277549383000944,8.47077086852585,3.25766526441757,0.0710902774203812,0.288984867562525,-0.400377601292842,"N.S.","mmu-miR-181d-5p"
"mmu-miR-17-3p",0.577372530938115,1.81933497548036,3.22576165783138,0.0724880681659606,0.291853501677149,0.832886120984797,"N.S.","mmu-miR-17-3p"
"mmu-miR-490-5p",-0.560367432157628,1.92191324747635,3.21506316002753,0.0729633754192872,0.291853501677149,-0.808355493008383,"N.S.","mmu-miR-490-5p"
"mmu-miR-323-5p",-0.35146905383447,3.93025993249136,3.09388169271696,0.0785871318821285,0.311853697944954,-0.507010086570546,"N.S.","mmu-miR-323-5p"
"mmu-miR-1191a",-0.399989119458711,3.13217577173476,3.05378344224207,0.0805492965052511,0.314383253964494,-0.577002486766725,"N.S.","mmu-miR-1191a"
"mmu-miR-28a-5p",0.277926293324632,6.6657161229434,3.0434888248919,0.0810615270846946,0.314383253964494,0.400921311567637,"N.S.","mmu-miR-28a-5p"
"mmu-miR-592-5p",0.335081870164521,4.17781336802702,3.04250066538647,0.0811108795228395,0.314383253964494,0.483370829229097,"N.S.","mmu-miR-592-5p"
"mmu-miR-493-3p",0.316268578830785,4.62195586967836,3.01496378313689,0.0824992979390543,0.315011315455226,0.456231801301231,"N.S.","mmu-miR-493-3p"
"mmu-miR-23b-5p",0.313746005025152,4.69710992870963,3.0143022873475,0.0825329646492692,0.315011315455226,0.452592873920225,"N.S.","mmu-miR-23b-5p"
"mmu-miR-181c-5p",-0.305870199408571,4.954240010616,3.00050691053252,0.0832384691872885,0.315297231770032,-0.441231666314857,"N.S.","mmu-miR-181c-5p"
"mmu-miR-8112",0.545720426927508,1.83232285840423,2.95225791256741,0.0857576651142254,0.318424913855541,0.787226522168124,"N.S.","mmu-miR-8112"
"mmu-miR-299a-3p",0.283896779905841,5.83091568452986,2.95020951961718,0.0858664251435325,0.318424913855541,0.409534009856098,"N.S.","mmu-miR-299a-3p"
"mmu-miR-6988-3p",-0.628928420880921,1.39754074990532,2.94817254833,0.0859747267409961,0.318424913855541,-0.907257835757256,"N.S.","mmu-miR-6988-3p"
"mmu-miR-154-5p",-0.31161680439364,4.37231739277794,2.73814532451631,0.0979784232890018,0.357586101997519,-0.449521405224101,"N.S.","mmu-miR-154-5p"
"mmu-miR-8114",-0.386616026775617,3.03729685808679,2.73814257405055,0.0979785919473202,0.357586101997519,-0.557711192682653,"N.S.","mmu-miR-8114"
"mmu-miR-10b-5p",0.250315096011723,11.609680752555,2.71210687491669,0.0995893835571876,0.360831099844883,0.361090904346274,"N.S.","mmu-miR-10b-5p"
"mmu-miR-151-5p",-0.277767301270174,5.55040338486056,2.69123233457755,0.100901749672668,0.361321835220425,-0.400691958301922,"N.S.","mmu-miR-151-5p"
"mmu-miR-3070-2-3p",0.39746640686905,2.85169941605177,2.67758959063287,0.101769663640635,0.361321835220425,0.573363359183451,"N.S.","mmu-miR-3070-2-3p"
"mmu-miR-182-5p",0.247266615318243,14.6294941060813,2.66222036774747,0.102757201810944,0.361321835220425,0.35669333237387,"N.S.","mmu-miR-182-5p"
"mmu-miR-223-3p",-0.428960470725617,2.50677672954857,2.65904688697979,0.102962414516578,0.361321835220425,-0.618794977894031,"N.S.","mmu-miR-223-3p"
"mmu-miR-32-5p",0.250386961727641,7.98416887699209,2.61938727625929,0.105565196675453,0.361321835220425,0.361194573908222,"N.S.","mmu-miR-32-5p"
"mmu-miR-92b-3p",-0.247473628000475,8.79828305490932,2.60537846585665,0.106501729782531,0.361321835220425,-0.356991957577979,"N.S.","mmu-miR-92b-3p"
"mmu-let-7e-3p",-0.33483468681568,3.65813226947266,2.60058391030065,0.106824351020316,0.361321835220425,-0.483014256012402,"N.S.","mmu-let-7e-3p"
"mmu-miR-434-3p",-0.245347130959219,10.113167102124,2.59943548111173,0.10690178683745,0.361321835220425,-0.353924388933694,"N.S.","mmu-miR-434-3p"
"mmu-miR-27a-3p",0.244277886974237,12.4785121468302,2.59027589891238,0.107521604877863,0.361321835220425,0.352381955881691,"N.S.","mmu-miR-27a-3p"
"mmu-miR-493-5p",0.248297358308488,8.17063439498997,2.58920798200799,0.107594125909956,0.361321835220425,0.358180225990859,"N.S.","mmu-miR-493-5p"
"mmu-miR-384-3p",-0.261906941699886,6.17965488862387,2.58803407020518,0.107673906895687,0.361321835220425,-0.377812668671608,"N.S.","mmu-miR-384-3p"
"mmu-miR-370-3p",-0.243545330375325,9.94401331229077,2.55153479616551,0.110187169104729,0.36729056368243,-0.351325209688591,"N.S.","mmu-miR-370-3p"
"mmu-miR-664-5p",0.264956691865079,5.5355713680261,2.47889942248698,0.115382966546402,0.379417188249331,0.382212071914663,"N.S.","mmu-miR-664-5p"
"mmu-miR-27b-3p",0.238395039171648,14.7786044122326,2.47725901274339,0.115503386034382,0.379417188249331,0.343895680515107,"N.S.","mmu-miR-27b-3p"
"mmu-let-7b-5p",0.237770007240613,13.2144368423205,2.46260701630072,0.116585137216698,0.379417188249331,0.342994043543072,"N.S.","mmu-let-7b-5p"
"mmu-miR-92b-5p",0.261984854962815,5.63328365466879,2.4528322334192,0.117313025920949,0.379417188249331,0.377925062095016,"N.S.","mmu-miR-92b-5p"
"mmu-miR-505-5p",-0.408228017281049,2.55550490079865,2.4435097974821,0.118011911255395,0.379417188249331,-0.588887471383655,"N.S.","mmu-miR-505-5p"
"mmu-miR-24-3p",0.236545805660237,14.0910931583837,2.43864870776321,0.118378162733791,0.379417188249331,0.341228077115943,"N.S.","mmu-miR-24-3p"
"mmu-miR-342-5p",-0.253494737613793,6.09064099920694,2.41320973300131,0.120315448127601,0.383170216966882,-0.365677681891383,"N.S.","mmu-miR-342-5p"
"mmu-miR-182-3p",0.262515132212541,5.11313985961765,2.28568523356065,0.130572462927408,0.411378560996817,0.378690011132084,"N.S.","mmu-miR-182-3p"
"mmu-miR-1964-3p",0.244233192103621,6.295542302603,2.28276602216412,0.130818382396988,0.411378560996817,0.352317481499172,"N.S.","mmu-miR-1964-3p"
"mmu-miR-490-3p",-0.311843114959956,3.66272521803656,2.19088071751298,0.138829913247225,0.433843478897577,-0.449847868503208,"N.S.","mmu-miR-490-3p"
"mmu-miR-345-3p",-0.28589889686419,4.07933367536119,2.15497407105534,0.142108842320135,0.441331808447623,-0.412422154576956,"N.S.","mmu-miR-345-3p"
"mmu-miR-382-3p",-0.224375497031975,7.61838728264837,2.08129019807554,0.149114091980812,0.460228678953125,-0.323671853704845,"N.S.","mmu-miR-382-3p"
"mmu-miR-410-3p",-0.226449050367444,6.9943814840777,2.06025968943615,0.151184403312183,0.463755838380929,-0.326663048646917,"N.S.","mmu-miR-410-3p"
"mmu-miR-365-3p",-0.270550237603431,4.27818273976636,2.03198227492861,0.154019607416017,0.46957197382932,-0.390281015903039,"N.S.","mmu-miR-365-3p"
"mmu-miR-200b-3p",-0.222516063146508,7.1575347610445,1.97802700240453,0.159598412346838,0.482229996971612,-0.320989535802436,"N.S.","mmu-miR-200b-3p"
"mmu-miR-20b-5p",0.281302937068808,3.88487637815382,1.97327791717138,0.160100358994575,0.482229996971612,0.405792273657685,"N.S.","mmu-miR-20b-5p"
"mmu-miR-299a-5p",0.309272938315269,3.28492762351345,1.9446208963359,0.163167681556686,0.488525992684689,0.446140271863027,"N.S.","mmu-miR-299a-5p"
"mmu-miR-1291",0.398902701190125,2.15695353797819,1.88094575533556,0.170226695405963,0.506627069660604,0.575435279029948,"N.S.","mmu-miR-1291"
"mmu-miR-216a-5p",0.267976387304089,4.0144260309208,1.8595899708417,0.172672130962551,0.508085091015421,0.386568119849029,"N.S.","mmu-miR-216a-5p"
"mmu-miR-378a-5p",0.244093127688774,4.76938743891275,1.85892492215535,0.172748930945243,0.508085091015421,0.352115432213973,"N.S.","mmu-miR-378a-5p"
"mmu-miR-667-5p",0.237836448309555,5.0226799772493,1.84556967796988,0.174299547465369,0.509647799606343,0.343089887805173,"N.S.","mmu-miR-667-5p"
"mmu-miR-183-3p",0.272035074398071,3.8402961907454,1.82981717465894,0.176149141426366,0.511254498717162,0.392422960474206,"N.S.","mmu-miR-183-3p"
"mmu-let-7d-3p",0.204576024452528,10.399857277865,1.8110844539972,0.178378194171854,0.511254498717162,0.295110214502082,"N.S.","mmu-let-7d-3p"
"mmu-miR-34c-5p",-0.230341177061827,5.70434987919388,1.81007445325054,0.178499298774169,0.511254498717162,-0.332277618324485,"N.S.","mmu-miR-34c-5p"
"mmu-miR-200c-3p",-0.215380974179757,7.0785367513709,1.80641341097137,0.178939074551007,0.511254498717162,-0.310696845634542,"N.S.","mmu-miR-200c-3p"
"mmu-miR-134-5p",-0.206761868055863,8.05432854534686,1.78771068377551,0.18120534229243,0.512862368572715,-0.29826339325983,"N.S.","mmu-miR-134-5p"
"mmu-miR-152-5p",0.256885451122799,4.16161078420461,1.77909304302598,0.182260734974703,0.512862368572715,0.370568940256755,"N.S.","mmu-miR-152-5p"
"mmu-miR-24-1-5p",0.205598958162459,8.07562651183353,1.77256964249781,0.183064385009473,0.512862368572715,0.29658584287724,"N.S.","mmu-miR-24-1-5p"
"mmu-miR-582-3p",-0.242365026147487,4.61814675585665,1.7682021965362,0.183604727949032,0.512862368572715,-0.3496225671879,"N.S.","mmu-miR-582-3p"
"mmu-miR-351-5p",0.219932132907555,5.72430278428249,1.75154456523477,0.185682676777922,0.513759919386335,0.317262098977341,"N.S.","mmu-miR-351-5p"
"mmu-miR-23a-3p",0.203008447825994,8.81708497959729,1.74917014415699,0.185981090817853,0.513759919386335,0.292848913962378,"N.S.","mmu-miR-23a-3p"
"mmu-miR-107-3p",-0.207838563986633,6.79780786486912,1.71643861194773,0.190152119986496,0.521666093065652,-0.299816576082369,"N.S.","mmu-miR-107-3p"
"mmu-miR-30e-3p",-0.199186909988341,9.86966474058702,1.71042845523392,0.190929790062029,0.521666093065652,-0.287336171919338,"N.S.","mmu-miR-30e-3p"
"mmu-miR-193a-5p",0.293101838814119,3.15917634623854,1.66530480331021,0.196888599380041,0.529569015914254,0.422812725757416,"N.S.","mmu-miR-193a-5p"
"mmu-miR-382-5p",-0.195819144662761,10.7482595189239,1.65976452058582,0.197635120812858,0.529569015914254,-0.282478017351693,"N.S.","mmu-miR-382-5p"
"mmu-miR-29c-5p",-0.229425724003452,4.82410521101697,1.65773777610701,0.197909041777312,0.529569015914254,-0.330957035674849,"N.S.","mmu-miR-29c-5p"
"mmu-miR-7226-3p",-0.335794649657114,2.54991064557418,1.65663101550994,0.198058811951931,0.529569015914254,-0.484399046047342,"N.S.","mmu-miR-7226-3p"
"mmu-miR-329-3p",-0.207609140301148,6.13536018327895,1.63083790456763,0.201587193747514,0.535364881718636,-0.299485621987349,"N.S.","mmu-miR-329-3p"
"mmu-miR-466a-3p",0.437265917690626,1.57009256040193,1.61176343086029,0.204244095144627,0.535364881718636,0.630775962674329,"N.S.","mmu-miR-466a-3p"
"mmu-miR-106a-5p",0.370138204788295,2.12224349375968,1.61142967488779,0.204290950280728,0.535364881718636,0.533941185448329,"N.S.","mmu-miR-106a-5p"
"mmu-miR-1a-3p",0.19250834489117,12.3403692354572,1.60824110809834,0.204739224426331,0.535364881718636,0.27770203818511,"N.S.","mmu-miR-1a-3p"
"mmu-miR-92a-3p",0.195917352339527,7.89709375387233,1.60228202176962,0.205580114579956,0.535364881718636,0.282619686389567,"N.S.","mmu-miR-92a-3p"
"mmu-miR-190a-5p",-0.377376464608337,2.01503200055895,1.5715592608112,0.209980715679122,0.543991491396689,-0.544382704261841,"N.S.","mmu-miR-190a-5p"
"mmu-miR-429-3p",-0.239679907931174,4.2189350177032,1.561365733748,0.2114653625961,0.54501382112397,-0.345749162105852,"N.S.","mmu-miR-429-3p"
"mmu-miR-30c-2-3p",0.191915808264177,7.6881783323915,1.5266204896711,0.216620358425683,0.554788546562565,0.276847277166266,"N.S.","mmu-miR-30c-2-3p"
"mmu-miR-1981-3p",-0.250209030564891,3.77273062125032,1.51488641619281,0.218394974035181,0.554788546562565,-0.360937900117896,"N.S.","mmu-miR-1981-3p"
"mmu-let-7c-5p",0.186116923425796,15.7646843495304,1.51086191807144,0.21900761242293,0.554788546562565,0.268482122192181,"N.S.","mmu-let-7c-5p"
"mmu-miR-377-5p",0.446226678072288,1.40140902391358,1.5063540863931,0.219696264438776,0.554788546562565,0.643702266846144,"N.S.","mmu-miR-377-5p"
"mmu-miR-491-5p",0.2707068622353,3.29112643227158,1.49253894870478,0.221822945122491,0.557344083222339,0.390506954054056,"N.S.","mmu-miR-491-5p"
"mmu-miR-335-5p",-0.193259887280409,6.6698015798724,1.47212001913445,0.225011500119382,0.558368556508922,-0.278786172243777,"N.S.","mmu-miR-335-5p"
"mmu-miR-99a-5p",0.183586898704861,16.930477388558,1.46999129933533,0.225347066475437,0.558368556508922,0.264832446527162,"N.S.","mmu-miR-99a-5p"
"mmu-miR-652-3p",0.194089748528525,6.50509379804745,1.46495661031068,0.226143115887483,0.558368556508922,0.279983284816445,"N.S.","mmu-miR-652-3p"
"mmu-miR-1306-5p",-0.304728262717409,2.68960194111216,1.46005273140055,0.226921730820332,0.558368556508922,-0.439584370729861,"N.S.","mmu-miR-1306-5p"
"mmu-miR-433-3p",-0.183459485492005,10.1783741443482,1.45445551349714,0.22781437105564,0.558368556508922,-0.264648647175909,"N.S.","mmu-miR-433-3p"
"mmu-miR-29a-5p",-0.410349328918299,1.58482113290357,1.43342123188904,0.231206902182935,0.563919273616914,-0.591947559846953,"N.S.","mmu-miR-29a-5p"
"mmu-miR-378c",0.182880611784217,7.6663759927402,1.38608221529292,0.239067835456099,0.58026173654393,0.263813595539081,"N.S.","mmu-miR-378c"
"mmu-miR-676-3p",0.179673652250424,8.64122317894117,1.37150090964568,0.241554173997458,0.582377231385272,0.259187410635694,"N.S.","mmu-miR-676-3p"
"mmu-miR-326-3p",-0.21208224676779,4.59617103943321,1.35032920975536,0.245220572165667,0.582377231385272,-0.30593828139548,"N.S.","mmu-miR-326-3p"
"mmu-miR-381-3p",-0.175414512018715,10.4979085474729,1.32860792406807,0.24905302057311,0.582377231385272,-0.253043407247526,"N.S.","mmu-miR-381-3p"
"mmu-miR-130b-5p",-0.236942415099182,3.71512695647657,1.32603672120405,0.249511514888547,0.582377231385272,-0.341800204259941,"N.S.","mmu-miR-130b-5p"
"mmu-miR-874-3p",0.199254957876214,5.1356060149933,1.32270711966285,0.250106784689724,0.582377231385272,0.287434334090787,"N.S.","mmu-miR-874-3p"
"mmu-miR-338-5p",0.174186631784383,12.2035666144105,1.31710692991038,0.251111927037472,0.582377231385272,0.25127213419485,"N.S.","mmu-miR-338-5p"
"mmu-miR-7043-3p",0.2095796148178,4.58027257986367,1.31651539767252,0.251218386637399,0.582377231385272,0.302328121047717,"N.S.","mmu-miR-7043-3p"
"mmu-miR-466e-3p",0.389245786606113,1.61260963764031,1.31446980924849,0.251586963958437,0.582377231385272,0.561504740776783,"N.S.","mmu-miR-466e-3p"
"mmu-miR-466p-3p",0.389245786606113,1.61260963764031,1.31446980924849,0.251586963958437,0.582377231385272,0.561504740776783,"N.S.","mmu-miR-466p-3p"
"mmu-miR-466c-3p",0.389245786606113,1.61260963764031,1.31446980924849,0.251586963958437,0.582377231385272,0.561504740776783,"N.S.","mmu-miR-466c-3p"
"mmu-miR-551b-3p",-0.418808138976469,1.40993434298646,1.30801441455651,0.252754471300819,0.58238357442585,-0.604149777860425,"N.S.","mmu-miR-551b-3p"
"mmu-miR-133a-5p",0.316949146290668,2.26208400638911,1.28093667294364,0.257724949443046,0.590491888188539,0.457213550798058,"N.S.","mmu-miR-133a-5p"
"mmu-miR-222-3p",-0.176003893851322,8.10921632877446,1.27604634387957,0.25863544702658,0.590491888188539,-0.253893617332065,"N.S.","mmu-miR-222-3p"
"mmu-miR-137-3p",0.182045256609237,6.07858082693808,1.24595302329928,0.264326837875412,0.600742813353209,0.262608557727178,"N.S.","mmu-miR-137-3p"
"mmu-miR-301a-5p",0.193402647058219,5.02986960824639,1.22530429016293,0.268322189241789,0.607063776565134,0.278992109712571,"N.S.","mmu-miR-301a-5p"
"mmu-miR-128-2-5p",-0.273083713436107,2.80390303048931,1.21461058149925,0.270420926592964,0.609056140975143,-0.393935669953619,"N.S.","mmu-miR-128-2-5p"
"mmu-miR-16-1-3p",0.183529156368938,5.61611188997441,1.20498164703366,0.272328276130408,0.610601515987462,0.264749150582851,"N.S.","mmu-miR-16-1-3p"
"mmu-miR-337-5p",0.166768623984255,9.20258955339943,1.19161101767247,0.275004835659138,0.61385007959629,0.240571320749422,"N.S.","mmu-miR-337-5p"
"mmu-miR-338-3p",0.16430530766436,11.0690003333967,1.17187333433236,0.279016654867072,0.618896654736852,0.237017874985207,"N.S.","mmu-miR-338-3p"
"mmu-miR-125a-3p",-0.184078505670574,5.3604828841479,1.16834631983545,0.279741287941057,0.618896654736852,-0.265541611921741,"N.S.","mmu-miR-125a-3p"
"mmu-miR-221-3p",-0.170558113390206,7.03034344262945,1.16177732361149,0.281097243931916,0.619156924960167,-0.246037831472935,"N.S.","mmu-miR-221-3p"
"mmu-miR-7015-3p",-0.369902448844765,1.56781342472062,1.14807344813586,0.283952807787879,0.619937727996398,-0.533601096783241,"N.S.","mmu-miR-7015-3p"
"mmu-miR-676-5p",0.168460025752832,7.07893600124206,1.14575178134834,0.284440219546685,0.619937727996398,0.24301124468513,"N.S.","mmu-miR-676-5p"
"mmu-miR-204-3p",0.166473545469828,7.54879189538744,1.14227863506447,0.285171354878343,0.619937727996398,0.240145656579241,"N.S.","mmu-miR-204-3p"
"mmu-miR-574-3p",0.16947808461919,6.48538563799114,1.11871617796317,0.290195062039597,0.626206140799871,0.244479840876842,"N.S.","mmu-miR-574-3p"
"mmu-miR-101a-3p",0.160316693029989,10.8030642920207,1.11436986481465,0.291134005748559,0.626206140799871,0.231264117068239,"N.S.","mmu-miR-101a-3p"
"mmu-let-7i-5p",0.159599890879576,15.9622802127444,1.11124229009988,0.29181206161274,0.626206140799871,0.230230097383235,"N.S.","mmu-let-7i-5p"
"mmu-let-7a-5p",0.158910030009479,15.5056528044112,1.10073439107055,0.29410499265381,0.628429471482501,0.229234941719731,"N.S.","mmu-let-7a-5p"
"mmu-miR-28a-3p",0.17114297016832,5.82232077385177,1.07134773556225,0.300641222608831,0.637324463339229,0.246881513960675,"N.S.","mmu-miR-28a-3p"
"mmu-miR-383-5p",-0.157892198870077,9.52417167454277,1.07056816218616,0.300817146696116,0.637324463339229,-0.227766674034505,"N.S.","mmu-miR-383-5p"
"mmu-miR-5129-3p",-0.22387701567069,3.40414491757905,1.05998860578841,0.303217783722562,0.639699965659413,-0.32295277168217,"N.S.","mmu-miR-5129-3p"
"mmu-miR-547-3p",0.198817714322843,4.06407408684212,1.03659366244927,0.308615021351838,0.643866036053146,0.28680359038966,"N.S.","mmu-miR-547-3p"
"mmu-miR-3095-5p",0.352634452241008,1.55003171393382,1.03368553263782,0.309294611234728,0.643866036053146,0.508691226746449,"N.S.","mmu-miR-3095-5p"
"mmu-miR-25-3p",0.154253118833466,10.2859861725788,1.02942556150356,0.310293624936017,0.643866036053146,0.222517135663288,"N.S.","mmu-miR-25-3p"
"mmu-miR-674-3p",0.154393220999275,10.0134960219618,1.02921365365417,0.310343429377616,0.643866036053146,0.222719239405966,"N.S.","mmu-miR-674-3p"
"mmu-miR-139-3p",0.162826550353875,6.16039000164066,1.00428307754731,0.31627634319105,0.6455966940953,0.234884700346284,"N.S.","mmu-miR-139-3p"
"mmu-miR-339-3p",0.195303111352276,4.06550705426159,1.00263328141915,0.316674168680374,0.6455966940953,0.281733615844454,"N.S.","mmu-miR-339-3p"
"mmu-miR-15a-5p",-0.246708985238904,2.78237160980358,1.00100706203898,0.317066950970163,0.6455966940953,-0.355888925636732,"N.S.","mmu-miR-15a-5p"
"mmu-miR-409-3p",0.152576922427118,9.18490546169348,0.997345929231205,0.31795356865444,0.6455966940953,0.220099146153771,"N.S.","mmu-miR-409-3p"
"mmu-miR-1193-3p",0.218852073858069,3.34753283667726,0.99571654449898,0.318349203298486,0.6455966940953,0.31570406470318,"N.S.","mmu-miR-1193-3p"
"mmu-miR-322-5p",-0.237479190585705,2.93299460470439,0.993350880307075,0.318924766883078,0.6455966940953,-0.342574527298974,"N.S.","mmu-miR-322-5p"
"mmu-miR-199a-3p",0.150044789377365,10.0081401294269,0.965565629719208,0.325788593548852,0.654913804059903,0.216446429128595,"N.S.","mmu-miR-199a-3p"
"mmu-miR-199b-3p",0.149934032418081,10.0081958080992,0.964135746449458,0.326147074421832,0.654913804059903,0.216286657180248,"N.S.","mmu-miR-199b-3p"
"mmu-miR-184-3p",0.240853201148988,2.79506375530495,0.954156315780027,0.328663594553192,0.657327189106385,0.347441690905889,"N.S.","mmu-miR-184-3p"
"mmu-miR-137-5p",0.199688024865559,3.67896706581855,0.931415366556778,0.334495412845522,0.666325523596658,0.288059052908455,"N.S.","mmu-miR-137-5p"
"mmu-miR-1943-5p",-0.300748238123472,1.86213973057833,0.922277498449944,0.336877685284224,0.666374959674594,-0.433843004336691,"N.S.","mmu-miR-1943-5p"
"mmu-miR-340-5p",-0.146410575363808,9.48926822664893,0.92110222777089,0.337185729595345,0.666374959674594,-0.211203910216824,"N.S.","mmu-miR-340-5p"
"mmu-miR-532-3p",0.236931298443913,2.75595151316077,0.907084884569204,0.340889069547574,0.669305045573241,0.341784167979397,"N.S.","mmu-miR-532-3p"
"mmu-miR-542-3p",0.209905436420559,3.30015950389844,0.905371172713732,0.341345573242353,0.669305045573241,0.302798133520278,"N.S.","mmu-miR-542-3p"
"mmu-miR-26a-2-3p",0.176134692306354,4.24860619633461,0.860455318907386,0.353611305200032,0.690647080468812,0.254082300049036,"N.S.","mmu-miR-26a-2-3p"
"mmu-miR-101c",0.315810455508912,1.58555367182998,0.854907999279758,0.355167586216345,0.690987521821684,0.455570937584927,"N.S.","mmu-miR-101c"
"mmu-miR-540-3p",0.149001876201204,6.19646630189294,0.839777593657347,0.359460386886215,0.696628656756231,0.214941979465211,"N.S.","mmu-miR-540-3p"
"mmu-miR-3074-5p",-0.288071968093076,1.82709159419918,0.818690572733894,0.365563289920884,0.698648629071105,-0.415556908603979,"N.S.","mmu-miR-3074-5p"
"mmu-miR-669a-5p",-0.185284739666241,3.71546284644048,0.80803010824498,0.368703291405502,0.698648629071105,-0.267281659291191,"N.S.","mmu-miR-669a-5p"
"mmu-miR-669p-5p",-0.185284739666241,3.71546284644048,0.80803010824498,0.368703291405502,0.698648629071105,-0.267281659291191,"N.S.","mmu-miR-669p-5p"
"mmu-miR-3474",0.265012215450313,2.06770896047014,0.801117691767552,0.370759408033326,0.698648629071105,0.382292167210249,"N.S.","mmu-miR-3474"
"mmu-miR-29b-1-5p",0.229088216476636,2.60883758774348,0.800844707111136,0.370840935939216,0.698648629071105,0.33047016572564,"N.S.","mmu-miR-29b-1-5p"
"mmu-miR-450b-3p",0.238647700601891,2.45042981349278,0.799709259805272,0.371180310273904,0.698648629071105,0.344260156113237,"N.S.","mmu-miR-450b-3p"
"mmu-miR-96-3p",0.286911716011403,1.76027003962243,0.788333195195478,0.374604606967087,0.698648629071105,0.413883192235625,"N.S.","mmu-miR-96-3p"
"mmu-miR-138-5p",0.134804296394173,9.84949487053095,0.783232940584949,0.3761542117691,0.698648629071105,0.194461325226887,"N.S.","mmu-miR-138-5p"
"mmu-miR-181a-2-3p",0.140387678892024,6.67689055614673,0.777676508318341,0.37785268938957,0.698648629071105,0.202515608278859,"N.S.","mmu-miR-181a-2-3p"
"mmu-miR-431-3p",-0.171342272480667,4.10866396158301,0.776628330325597,0.378174303829873,0.698648629071105,-0.247169016605744,"N.S.","mmu-miR-431-3p"
"mmu-miR-423-5p",0.134235239535272,9.09506778226897,0.771089748025972,0.379880141052219,0.698648629071105,0.193640434840814,"N.S.","mmu-miR-423-5p"
"mmu-miR-669o-3p",-0.267229416925323,1.96376438967213,0.770841432022961,0.37995687441462,0.698648629071105,-0.385490581123294,"N.S.","mmu-miR-669o-3p"
"mmu-miR-669a-3p",-0.267229416925323,1.96376438967213,0.770841432022961,0.37995687441462,0.698648629071105,-0.385490581123294,"N.S.","mmu-miR-669a-3p"
"mmu-miR-433-5p",-0.186602248238748,3.51308452932271,0.770492119680789,0.380064854214681,0.698648629071105,-0.26918222529584,"N.S.","mmu-miR-433-5p"
"mmu-miR-378a-3p",0.13249297173494,11.0725920873016,0.761313923927059,0.382917646081399,0.700266521130417,0.191127134342126,"N.S.","mmu-miR-378a-3p"
"mmu-miR-146b-3p",0.231119872171287,2.46740762663981,0.75866684105194,0.383746053579469,0.700266521130417,0.333400921416328,"N.S.","mmu-miR-146b-3p"
"mmu-miR-877-5p",-0.201512319672331,3.04401574907518,0.743216049926064,0.388632606305756,0.706604738737738,-0.290690681092561,"N.S.","mmu-miR-877-5p"
"mmu-miR-34b-3p",-0.205531275010254,2.95233723564484,0.738570105316875,0.390119309697489,0.706737879886755,-0.296488206853572,"N.S.","mmu-miR-34b-3p"
"mmu-miR-1198-5p",-0.130310243761151,9.39517398737068,0.728224306857321,0.393459365939843,0.710215461985277,-0.187978450021623,"N.S.","mmu-miR-1198-5p"
"mmu-miR-200a-3p",-0.135254556834718,7.23970965775688,0.715992140142561,0.397461714882591,0.713385905440326,-0.195110846379459,"N.S.","mmu-miR-200a-3p"
"mmu-miR-484",0.130467047164087,7.7855915536326,0.708049426323198,0.400092116560316,0.713385905440326,0.18820464605803,"N.S.","mmu-miR-484"
"mmu-miR-127-3p",-0.127235250308149,12.8683232275924,0.705369736843636,0.400985245847904,0.713385905440326,-0.183542632188442,"N.S.","mmu-miR-127-3p"
"mmu-miR-22-3p",0.12740468859679,11.4747518519088,0.705329102487951,0.400998811372921,0.713385905440326,0.183787054621811,"N.S.","mmu-miR-22-3p"
"mmu-miR-6948-3p",-0.288438390044511,1.55559515386841,0.698915050817055,0.40314849318904,0.713385905440326,-0.416085488925039,"N.S.","mmu-miR-6948-3p"
"mmu-miR-485-5p",0.127377578246314,9.40519267284333,0.697050870138199,0.403776422479225,0.713385905440326,0.183747946708918,"N.S.","mmu-miR-485-5p"
"mmu-miR-136-3p",-0.126852828218296,8.27367165257882,0.678544307013105,0.410088437839037,0.721986686336333,-0.182990970940409,"N.S.","mmu-miR-136-3p"
"mmu-miR-93-5p",0.130708537271634,6.68482035711225,0.673911168721016,0.411691309950612,0.722265456053705,0.188553006515367,"N.S.","mmu-miR-93-5p"
"mmu-miR-3068-3p",-0.159558097328076,4.03203599402617,0.661309958155176,0.416097859404235,0.726019351416097,-0.230169808285423,"N.S.","mmu-miR-3068-3p"
"mmu-miR-26b-5p",0.123034335647116,12.5124243207399,0.659503991020301,0.416735107712839,0.726019351416097,0.177482621832682,"N.S.","mmu-miR-26b-5p"
"mmu-miR-320-3p",0.12199437104567,9.6749529317866,0.641147490287864,0.423295579557343,0.732564064668424,0.175982425622356,"N.S.","mmu-miR-320-3p"
"mmu-miR-30d-3p",0.146999724059937,4.54624786041195,0.640797856535119,0.423422029378349,0.732564064668424,0.212053783991395,"N.S.","mmu-miR-30d-3p"
"mmu-miR-142a-3p",0.130983443366431,5.80710789546211,0.625068799183479,0.429169901424171,0.739884304634663,0.188949571053271,"N.S.","mmu-miR-142a-3p"
"mmu-miR-30a-5p",0.119354792856631,13.3681219348766,0.621170467394279,0.430612665297374,0.739884304634663,0.172174714099724,"N.S.","mmu-miR-30a-5p"
"mmu-miR-127-5p",-0.125057987850533,6.62042655782811,0.613427046913572,0.43350037658919,0.742295165392449,-0.180401832123459,"N.S.","mmu-miR-127-5p"
"mmu-miR-423-3p",0.117190926535424,9.85787302531878,0.59259357387662,0.441417948647336,0.749383824296091,0.169053238570447,"N.S.","mmu-miR-423-3p"
"mmu-miR-466c-5p",-0.28082553082958,1.38614495003177,0.5918951726296,0.441687201552074,0.749383824296091,-0.40510359345657,"N.S.","mmu-miR-466c-5p"
"mmu-miR-186-5p",-0.118762844721085,8.04786699603637,0.59073133227564,0.442136456334694,0.749383824296091,-0.17132080200654,"N.S.","mmu-miR-186-5p"
"mmu-miR-3068-5p",-0.123549150685398,6.2644132889343,0.58320208565196,0.445059935585114,0.751790431731612,-0.17822526592689,"N.S.","mmu-miR-3068-5p"
"mmu-miR-218-5p",-0.114474030776945,11.1496477144524,0.568680917452696,0.450783561233292,0.756630839070615,-0.165133992939341,"N.S.","mmu-miR-218-5p"
"mmu-miR-673-5p",0.127937487850174,5.34276572540371,0.56390942902597,0.452689348875257,0.756630839070615,0.184555641763796,"N.S.","mmu-miR-673-5p"
"mmu-miR-380-5p",0.12691561376763,5.38006663065459,0.558422008791336,0.454896738779056,0.756630839070615,0.18308154194931,"N.S.","mmu-miR-380-5p"
"mmu-miR-1945",0.221099965935753,2.03763074906523,0.552153535003179,0.457439093615926,0.756630839070615,0.318946751205658,"N.S.","mmu-miR-1945"
"mmu-miR-100-5p",0.11192794613783,12.9450011746914,0.544817757061026,0.46044292135353,0.756630839070615,0.161461150112326,"N.S.","mmu-miR-100-5p"
"mmu-miR-29c-3p",-0.124578965515838,5.49482669237512,0.543637486442205,0.460929131411485,0.756630839070615,-0.179710820631172,"N.S.","mmu-miR-29c-3p"
"mmu-miR-30b-3p",0.119227306630933,6.22124618188977,0.541650337098208,0.461749576923271,0.756630839070615,0.171990809424126,"N.S.","mmu-miR-30b-3p"
"mmu-let-7d-5p",0.11129332205739,13.7061002138202,0.539196088135668,0.462766084647039,0.756630839070615,0.160545676028752,"N.S.","mmu-let-7d-5p"
"mmu-let-7i-3p",-0.150190429628907,3.74798590456734,0.538734250376861,0.462957767986948,0.756630839070615,-0.216656521811683,"N.S.","mmu-let-7i-3p"
"mmu-let-7c-1-3p",0.132226287009228,4.71937570945867,0.538492697719814,0.463058073511216,0.756630839070615,0.190742429502837,"N.S.","mmu-let-7c-1-3p"
"mmu-miR-325-3p",-0.169908807757576,3.05107586910819,0.532868363397744,0.465403430126171,0.756934094726096,-0.245101178582961,"N.S.","mmu-miR-325-3p"
"mmu-miR-1843b-5p",0.110588014079061,10.5001841331502,0.529710821197646,0.466728461618375,0.756934094726096,0.159528237209459,"N.S.","mmu-miR-1843b-5p"
"mmu-miR-138-2-3p",0.118830631755712,5.94580481011374,0.521608574952622,0.470156315188244,0.756934094726096,0.171418587885324,"N.S.","mmu-miR-138-2-3p"
"mmu-miR-125b-1-3p",-0.111883816691938,7.81400222535529,0.521427303177791,0.470233469366067,0.756934094726096,-0.161397491380674,"N.S.","mmu-miR-125b-1-3p"
"mmu-miR-26b-3p",-0.225837615992304,1.87317555897251,0.520067225494838,0.470813006919632,0.756934094726096,-0.325781026767353,"N.S.","mmu-miR-26b-3p"
"mmu-miR-140-5p",0.10973346615491,8.45273955762826,0.509907872134925,0.475178740248664,0.761504391424141,0.158295512984451,"N.S.","mmu-miR-140-5p"
"mmu-miR-339-5p",0.128810258302654,4.5258124533362,0.490801656929873,0.483569921451567,0.770793449860584,0.185814652814244,"N.S.","mmu-miR-339-5p"
"mmu-miR-329-5p",0.109033416496534,7.51238557952861,0.489706434495983,0.484058286512447,0.770793449860584,0.157285659530712,"N.S.","mmu-miR-329-5p"
"mmu-miR-425-3p",-0.145932518607128,3.58136136286987,0.481164161980358,0.487895471784638,0.772387092842517,-0.210514291614715,"N.S.","mmu-miR-425-3p"
"mmu-miR-15b-3p",0.156594687595995,3.14143142100252,0.473238166254555,0.4915012204852,0.772387092842517,0.225894955041832,"N.S.","mmu-miR-15b-3p"
"mmu-miR-148a-3p",0.104484743005914,14.6050628825867,0.472567628917886,0.491808304720596,0.772387092842517,0.150723991255512,"N.S.","mmu-miR-148a-3p"
"mmu-miR-532-5p",-0.105047804241556,8.91642855817556,0.471009564434041,0.492523088004462,0.772387092842517,-0.151536232682496,"N.S.","mmu-miR-532-5p"
"mmu-miR-340-3p",-0.104427599334532,8.89595871737995,0.465314108171761,0.495150833584097,0.772387092842517,-0.150641558912015,"N.S.","mmu-miR-340-3p"
"mmu-miR-204-5p",0.102951516024539,12.5101553025212,0.461663316313803,0.496847644407077,0.772387092842517,0.148512241640351,"N.S.","mmu-miR-204-5p"
"mmu-miR-300-3p",-0.103244460528098,10.3612923257321,0.461305498753435,0.49701447786278,0.772387092842517,-0.148934827402851,"N.S.","mmu-miR-300-3p"
"mmu-miR-99a-3p",0.228799828525072,1.62099877383532,0.456900634547906,0.499076039142202,0.772387092842517,0.330054152996516,"N.S.","mmu-miR-99a-3p"
"mmu-miR-499-5p",-0.12313030520067,4.5604114012478,0.451791463403477,0.501485442447532,0.772387092842517,-0.177621062276086,"N.S.","mmu-miR-499-5p"
"mmu-miR-455-5p",0.103261644872005,8.32529787270143,0.450256491293494,0.502213175905459,0.772387092842517,0.148959616600071,"N.S.","mmu-miR-455-5p"
"mmu-let-7b-3p",0.118811000393938,4.85348808444615,0.44834614754071,0.503121390621932,0.772387092842517,0.171390268753601,"N.S.","mmu-let-7b-3p"
"mmu-miR-744-5p",-0.101314344105146,11.1727512358165,0.44592048012376,0.504278647007517,0.772387092842517,-0.146150546727168,"N.S.","mmu-miR-744-5p"
"mmu-miR-350-5p",-0.156477773134444,2.94936500092378,0.434649004192957,0.509716525508724,0.772387092842517,-0.225726300616568,"N.S.","mmu-miR-350-5p"
"mmu-miR-151-3p",-0.0994971309075962,10.8960881713868,0.429566616025753,0.512201679790676,0.772387092842517,-0.143529134086268,"N.S.","mmu-miR-151-3p"
"mmu-miR-143-5p",0.148702617122263,3.14761142305802,0.424027962934336,0.514933981317093,0.772387092842517,0.214510284640688,"N.S.","mmu-miR-143-5p"
"mmu-miR-187-5p",-0.16435796068656,2.67087540838528,0.420640132120939,0.516617803513709,0.772387092842517,-0.237093829363132,"N.S.","mmu-miR-187-5p"
"mmu-let-7k",0.200109690129383,1.90670613060364,0.41948636668029,0.517193448610326,0.772387092842517,0.288667324218782,"N.S.","mmu-let-7k"
"mmu-miR-221-5p",-0.132615425064735,3.74887311073751,0.419417873855096,0.51722765687778,0.772387092842517,-0.191303778836607,"N.S.","mmu-miR-221-5p"
"mmu-miR-130a-3p",0.118702627351607,4.54426847929351,0.418534847511084,0.517669033661941,0.772387092842517,0.171233935713822,"N.S.","mmu-miR-130a-3p"
"mmu-miR-1843a-3p",0.108918111954531,5.54882426050448,0.418148599046557,0.51786230591335,0.772387092842517,0.157119327487577,"N.S.","mmu-miR-1843a-3p"
"mmu-miR-3061-5p",0.171644926946366,2.46038284723352,0.417712306426069,0.518080771733494,0.772387092842517,0.247605609430008,"N.S.","mmu-miR-3061-5p"
"mmu-miR-376b-5p",-0.101908734685386,7.01807429975384,0.415792261664631,0.519044126390171,0.772387092842517,-0.147007982157844,"N.S.","mmu-miR-376b-5p"
"mmu-miR-331-5p",-0.125582227129793,3.97040871046138,0.406483665037683,0.523759675465318,0.77555248860555,-0.181158071113668,"N.S.","mmu-miR-331-5p"
"mmu-miR-133a-3p",0.10115086934821,6.61617467972069,0.402713748840265,0.525691081501405,0.77555248860555,0.145914726959361,"N.S.","mmu-miR-133a-3p"
"mmu-miR-6944-3p",0.139350256562678,3.33316089963644,0.402454069042546,0.525824587274563,0.77555248860555,0.201019079411599,"N.S.","mmu-miR-6944-3p"
"mmu-miR-106b-5p",0.114402951089422,4.60895262220956,0.394840215975037,0.529766088186557,0.779067776744938,0.165031457259084,"N.S.","mmu-miR-106b-5p"
"mmu-miR-365-2-5p",0.197736502946208,1.77508506288994,0.378598086972472,0.538354472993029,0.789376060107081,0.285243893831206,"N.S.","mmu-miR-365-2-5p"
"mmu-miR-331-3p",0.128225612864614,3.51272853894465,0.364449351550479,0.546045503517461,0.795813767845894,0.184971275194166,"N.S.","mmu-miR-331-3p"
"mmu-miR-185-5p",-0.0914942216971558,10.435829080944,0.361424147489004,0.547716362380175,0.795813767845894,-0.131984573769123,"N.S.","mmu-miR-185-5p"
"mmu-miR-1188-5p",-0.136608749612562,3.14177273511915,0.358542264169168,0.549316941309031,0.795813767845894,-0.197064331017829,"N.S.","mmu-miR-1188-5p"
"mmu-miR-26a-5p",0.090319409875537,16.6242535293985,0.355992958995557,0.550740109665134,0.795813767845894,0.130289854314069,"N.S.","mmu-miR-26a-5p"
"mmu-miR-669o-5p",-0.18072022593438,1.98713647179644,0.355354597724035,0.551097561185783,0.795813767845894,-0.260697140747964,"N.S.","mmu-miR-669o-5p"
"mmu-miR-126a-5p",-0.0964288177070115,6.20954209922426,0.353222216012434,0.55229475488505,0.795813767845894,-0.139102952820856,"N.S.","mmu-miR-126a-5p"
"mmu-miR-27a-5p",0.0989826317612211,5.59124513237133,0.349100491777001,0.554622762011954,0.796871784499934,0.142786945680494,"N.S.","mmu-miR-27a-5p"
"mmu-miR-3535",0.094936722714413,6.2774279834228,0.345976457069735,0.556399645062884,0.79713416198121,0.136950537969206,"N.S.","mmu-miR-3535"
"mmu-miR-503-5p",-0.176309150832054,1.97492679958578,0.337210324644047,0.561443918520761,0.798636273000953,-0.254333964402565,"N.S.","mmu-miR-503-5p"
"mmu-miR-485-3p",-0.0901396658693153,7.70664095166812,0.336368705579343,0.561932811209146,0.798636273000953,-0.130030565414631,"N.S.","mmu-miR-485-3p"
"mmu-miR-341-3p",-0.0894398250535239,8.11777550636612,0.335840714545135,0.562239936192671,0.798636273000953,-0.129021013225814,"N.S.","mmu-miR-341-3p"
"mmu-miR-345-5p",-0.13754799878003,2.85380293743072,0.322963338315713,0.569832205863351,0.80712777034469,-0.19841924063651,"N.S.","mmu-miR-345-5p"
"mmu-miR-199a-5p",0.0897816687362819,7.02792402833492,0.319074362141876,0.572164451072655,0.808141880046123,0.129514138277075,"N.S.","mmu-miR-199a-5p"
"mmu-miR-27b-5p",0.0896837273136176,6.35404451387312,0.310271787690904,0.577513453443383,0.810105781986435,0.129372853322846,"N.S.","mmu-miR-27b-5p"
"mmu-miR-6516-5p",0.102966307651816,4.43537526118108,0.308106255005035,0.578844594436694,0.810105781986435,0.148533579235068,"N.S.","mmu-miR-6516-5p"
"mmu-miR-1839-3p",-0.126409748565775,3.12919662230346,0.307008433166013,0.579521758443358,0.810105781986435,-0.182351808400973,"N.S.","mmu-miR-1839-3p"
"mmu-miR-467d-5p",-0.187633634989349,1.60231158155836,0.305567536019469,0.580412945452902,0.810105781986435,-0.270670047566407,"N.S.","mmu-miR-467d-5p"
"mmu-miR-5099",0.101826105742767,4.48819957075486,0.303565189883961,0.58165595146626,0.810105781986435,0.146888786152127,"N.S.","mmu-miR-5099"
"mmu-let-7g-5p",-0.0821388349310261,14.8076381592104,0.293540317082488,0.587960693095437,0.814101868198896,-0.118489003099535,"N.S.","mmu-let-7g-5p"
"mmu-miR-19a-3p",0.170080060024698,1.83830243682039,0.289753170939839,0.590378747548765,0.814101868198896,0.245348217762746,"N.S.","mmu-miR-19a-3p"
"mmu-miR-30d-5p",0.0813743911348628,14.7001529100335,0.288957538285786,0.590889339907849,0.814101868198896,0.117386258174932,"N.S.","mmu-miR-30d-5p"
"mmu-miR-191-5p",0.0815745810227045,11.7017922291871,0.288726221061467,0.591037956312399,0.814101868198896,0.117675041187996,"N.S.","mmu-miR-191-5p"
"mmu-miR-3057-5p",0.133805300511245,2.71119672824215,0.285750420781654,0.592956719700939,0.814141745243913,0.193020228255301,"N.S.","mmu-miR-3057-5p"
"mmu-let-7f-2-3p",0.205991666615076,1.2182868170891,0.283642803649705,0.594323474028057,0.814141745243913,0.297152342671137,"N.S.","mmu-let-7f-2-3p"
"mmu-miR-322-3p",0.0857395908555677,6.25447522167247,0.28101583250434,0.596036175905023,0.814257070908501,0.123683257197027,"N.S.","mmu-miR-322-3p"
"mmu-miR-3084-5p",0.134797638690864,2.62655570888477,0.278203036271353,0.597881436362024,0.814552365615837,0.19445172118723,"N.S.","mmu-miR-3084-5p"
"mmu-let-7e-5p",0.0794948577428344,11.4649061391529,0.274706809296305,0.600191738199406,0.815477905162236,0.114674945820663,"N.S.","mmu-let-7e-5p"
"mmu-miR-17-5p",0.0886530531796849,5.15244555603107,0.262799273533529,0.608203505884774,0.818252441480956,0.127886059034216,"N.S.","mmu-miR-17-5p"
"mmu-miR-450a-5p",0.0845420400764622,5.81832613259018,0.261512684762855,0.60908281967177,0.818252441480956,0.121955735762173,"N.S.","mmu-miR-450a-5p"
"mmu-miR-30c-5p",-0.0773570034081481,12.5917631570446,0.260743540973731,0.609609791841305,0.818252441480956,-0.111590993764347,"N.S.","mmu-miR-30c-5p"
"mmu-miR-125b-5p",0.0772024431320784,14.0496819768488,0.259687110116033,0.610335195824655,0.818252441480956,0.111368033540408,"N.S.","mmu-miR-125b-5p"
"mmu-miR-335-3p",-0.0784689529678056,8.37699939528891,0.259569132172821,0.610416321344793,0.818252441480956,-0.113195031549049,"N.S.","mmu-miR-335-3p"
"mmu-miR-148a-5p",0.0995923141956851,3.95497494745644,0.251846182576234,0.615778113172293,0.822226791283271,0.143666440305997,"N.S.","mmu-miR-148a-5p"
"mmu-miR-872-3p",0.0956970223435161,4.20992324840695,0.250162815771322,0.616960457201521,0.822226791283271,0.138047304744447,"N.S.","mmu-miR-872-3p"
"mmu-miR-376a-5p",0.091037606271758,4.51159394338142,0.245204903959892,0.620471875680889,0.822226791283271,0.131325885262028,"N.S.","mmu-miR-376a-5p"
"mmu-miR-679-5p",-0.102364764322893,3.64014780714875,0.243855297266219,0.621435377587708,0.822226791283271,-0.147665825639279,"N.S.","mmu-miR-679-5p"
"mmu-miR-664-3p",-0.0953071967367553,4.1304602545265,0.243620341727523,0.621603454210153,0.822226791283271,-0.137484963586741,"N.S.","mmu-miR-664-3p"
"mmu-miR-192-5p",0.0750705676401869,8.82926433902367,0.240252544194174,0.624023773538284,0.823250360868449,0.108292706236598,"N.S.","mmu-miR-192-5p"
"mmu-miR-143-3p",-0.0734566486238698,13.0515165284514,0.233089045573138,0.629242747514177,0.827950983571285,-0.105964554693087,"N.S.","mmu-miR-143-3p"
"mmu-miR-216b-3p",0.127913110953163,2.44660111481322,0.226789633155628,0.633914552470971,0.829950968162792,0.184520476981778,"N.S.","mmu-miR-216b-3p"
"mmu-miR-361-3p",-0.0729896436944061,8.72232603655822,0.226565093752271,0.634082539676373,0.829950968162792,-0.105290878854111,"N.S.","mmu-miR-361-3p"
"mmu-miR-20a-5p",-0.0775703072373653,5.87311118011086,0.221352283631923,0.638011472252729,0.832913149154999,-0.111898694233954,"N.S.","mmu-miR-20a-5p"
"mmu-miR-1947-5p",0.10739777057745,3.09257553167322,0.218665357316894,0.640058736120868,0.83340981265738,0.154926165942341,"N.S.","mmu-miR-1947-5p"
"mmu-let-7j",0.124136587859874,2.44698704013116,0.214910561224405,0.642945482707046,0.834994133385773,0.179072670753678,"N.S.","mmu-let-7j"
"mmu-miR-6945-3p",-0.129678146392655,2.15569315780963,0.201610557613834,0.653423978963589,0.845145843787891,-0.187066620834883,"N.S.","mmu-miR-6945-3p"
"mmu-miR-30c-1-3p",-0.0812496862724213,4.60517117948378,0.198704694106206,0.655768417279422,0.845145843787891,-0.117206365742263,"N.S.","mmu-miR-30c-1-3p"
"mmu-miR-200a-5p",0.116139399007224,2.52624313648473,0.197817832950886,0.656488023963751,0.845145843787891,0.167536362312672,"N.S.","mmu-miR-200a-5p"
"mmu-miR-149-5p",-0.0669331234442465,9.78180677819968,0.193167952468428,0.660292934102068,0.845145843787891,-0.0965540730874331,"N.S.","mmu-miR-149-5p"
"mmu-miR-1843a-5p",0.0667029464700607,10.6124512161352,0.19290940252975,0.660506098440037,0.845145843787891,0.0962220323392215,"N.S.","mmu-miR-1843a-5p"
"mmu-miR-214-5p",0.0907121891249414,3.73850764219254,0.192427274422776,0.660904049842131,0.845145843787891,0.130856456235549,"N.S.","mmu-miR-214-5p"
"mmu-miR-125a-5p",0.0650371476111621,13.3924760029985,0.183881478772719,0.668058562367544,0.852115513223908,0.0938190417645319,"N.S.","mmu-miR-125a-5p"
"mmu-miR-872-5p",0.0631850803240123,9.78593390488406,0.172169013552014,0.678191287329985,0.857274078426967,0.0911473505150526,"N.S.","mmu-miR-872-5p"
"mmu-miR-700-5p",0.0842968088220866,3.76527417541593,0.171536274380413,0.678750065662966,0.857274078426967,0.121601978530478,"N.S.","mmu-miR-700-5p"
"mmu-miR-19b-3p",0.0785797481154392,4.22312639566643,0.170560621145894,0.679614045850507,0.857274078426967,0.113354858585826,"N.S.","mmu-miR-19b-3p"
"mmu-miR-323-3p",-0.0657420499062888,6.64903328568298,0.170182768667596,0.679949426460601,0.857274078426967,-0.094835895367365,"N.S.","mmu-miR-323-3p"
"mmu-miR-29b-2-5p",-0.0862195072286346,3.58850793146923,0.168960824187169,0.68103701212063,0.857274078426967,-0.124375558380305,"N.S.","mmu-miR-29b-2-5p"
"mmu-miR-344b-3p",-0.070997071235718,4.88597317795964,0.160861360958535,0.688364717881032,0.857274078426967,-0.10241650250787,"N.S.","mmu-miR-344b-3p"
"mmu-miR-1981-5p",-0.0617657184901727,7.78941303917587,0.158612884583071,0.690436823978685,0.857274078426967,-0.089099856551078,"N.S.","mmu-miR-1981-5p"
"mmu-miR-195a-3p",0.0631984148223025,6.69143593708947,0.15779011346593,0.691199308788601,0.857274078426967,0.0911665861349705,"N.S.","mmu-miR-195a-3p"
"mmu-miR-409-5p",0.064207412516214,6.25724080681314,0.157635252749543,0.691343079744486,0.857274078426967,0.0926221111735433,"N.S.","mmu-miR-409-5p"
"mmu-miR-503-3p",0.069912653155893,4.9355993497585,0.157203413224668,0.691744427058768,0.857274078426967,0.1008521801343,"N.S.","mmu-miR-503-3p"
"mmu-miR-671-5p",0.0943409060199959,2.92857315194746,0.157035384127264,0.691900764006799,0.857274078426967,0.136091045304003,"N.S.","mmu-miR-671-5p"
"mmu-miR-30a-3p",0.06003948713396,10.50370106876,0.156202145850118,0.692677455368989,0.857274078426967,0.086609689351987,"N.S.","mmu-miR-30a-3p"
"mmu-miR-541-3p",0.118555118748423,1.98064124754324,0.152976715687827,0.695706779230075,0.858097005816837,0.171021147848562,"N.S.","mmu-miR-541-3p"
"mmu-miR-450b-5p",0.139014611188478,1.43405694604235,0.150280442593027,0.698267501284074,0.858097005816837,0.200534895702184,"N.S.","mmu-miR-450b-5p"
"mmu-miR-125b-2-3p",-0.0609440845861291,7.06962478981584,0.150046460720517,0.698490962734905,0.858097005816837,-0.0879146122962178,"N.S.","mmu-miR-125b-2-3p"
"mmu-miR-3102-3p",-0.0916895497366826,2.90722194878957,0.145996168003006,0.702391309031428,0.860773663028711,-0.132266343344993,"N.S.","mmu-miR-3102-3p"
"mmu-miR-379-5p",0.0571518736549703,11.8371136624825,0.142107142667072,0.706195148699723,0.863319252689148,0.0824441756488819,"N.S.","mmu-miR-379-5p"
"mmu-let-7f-5p",0.0560377427090282,16.1975112093043,0.136921264998932,0.711361079885724,0.865560501520712,0.0808369911153069,"N.S.","mmu-let-7f-5p"
"mmu-miR-669c-5p",-0.0590692239673922,6.42279587358228,0.13522899009633,0.713070880892117,0.865560501520712,-0.0852100406298281,"N.S.","mmu-miR-669c-5p"
"mmu-miR-425-5p",0.0584861671285076,6.67971908929554,0.135080139299884,0.713221853253067,0.865560501520712,0.0843689546362442,"N.S.","mmu-miR-425-5p"
"mmu-miR-363-5p",-0.0816440991710594,3.15413467110717,0.129014410376969,0.719456128493235,0.871012262098348,-0.117775324277023,"N.S.","mmu-miR-363-5p"
"mmu-miR-23b-3p",0.0536918422159102,10.1635458125382,0.123723819077412,0.725030283302243,0.875640438770824,0.0774529230184843,"N.S.","mmu-miR-23b-3p"
"mmu-miR-34a-5p",-0.0529303226150874,8.47712510318137,0.118296157690239,0.730889841358811,0.877107497971604,-0.0763543963785821,"N.S.","mmu-miR-34a-5p"
"mmu-miR-690",-0.0565673961888976,6.00524170226802,0.118227896301498,0.730964483185308,0.877107497971604,-0.0816010403360029,"N.S.","mmu-miR-690"
"mmu-miR-700-3p",-0.0565591298537757,5.85517254406885,0.117731819996656,0.731507653308318,0.877107497971604,-0.0815891157718339,"N.S.","mmu-miR-700-3p"
"mmu-miR-455-3p",0.0535817170060629,6.93212324123821,0.114513414843413,0.735063049038147,0.879262020380559,0.0772940623974162,"N.S.","mmu-miR-455-3p"
"mmu-miR-466i-5p",0.0741165223892217,3.19012135033977,0.107112184345851,0.74345613416702,0.881018514392341,0.106916452594899,"N.S.","mmu-miR-466i-5p"
"mmu-miR-99b-5p",-0.0494304303455155,12.4750781118733,0.106469635356973,0.744199770060173,0.881018514392341,-0.0713056426882531,"N.S.","mmu-miR-99b-5p"
"mmu-miR-141-3p",0.0640865898593314,4.34625765760427,0.106143006450566,0.744578736849192,0.881018514392341,0.0924478189988629,"N.S.","mmu-miR-141-3p"
"mmu-miR-672-5p",-0.0517559473705359,6.67708053977306,0.10513414937925,0.745753338586868,0.881018514392341,-0.0746603067057919,"N.S.","mmu-miR-672-5p"
"mmu-miR-378b",0.0653088373778665,3.80386071372458,0.104497417264579,0.746497888055434,0.881018514392341,0.0942109666029617,"N.S.","mmu-miR-378b"
"mmu-miR-328-3p",-0.0488193697079434,12.2405959835733,0.103628446442215,0.747518055048948,0.881018514392341,-0.0704241599421187,"N.S.","mmu-miR-328-3p"
"mmu-miR-6911-3p",-0.104960385628952,1.7097917143961,0.102055190486967,0.749377126854733,0.881018514392341,-0.151410127360105,"N.S.","mmu-miR-6911-3p"
"mmu-miR-7685-5p",0.0857502812387229,2.40597001586749,0.10100427742598,0.750627774262274,0.881018514392341,0.123698678560672,"N.S.","mmu-miR-7685-5p"
"mmu-miR-219a-1-3p",0.0826617116490432,2.41173639145504,0.0942673108565746,0.758820674023535,0.888190245840207,0.119243276533214,"N.S.","mmu-miR-219a-1-3p"
"mmu-miR-301a-3p",-0.104590055878672,1.56476637668165,0.0930219962060743,0.760369902775639,0.888190245840207,-0.150875909861578,"N.S.","mmu-miR-301a-3p"
"mmu-miR-6540-5p",0.0495838992459513,5.95162301349902,0.091283830402066,0.762551331967499,0.888190245840207,0.0715270285532304,"N.S.","mmu-miR-6540-5p"
"mmu-miR-497a-5p",0.0513813643209715,5.08265381921483,0.0872851229123537,0.767657354954244,0.888190245840207,0.0741199536297085,"N.S.","mmu-miR-497a-5p"
"mmu-miR-3084-3p",-0.0965044096166949,1.72687746275139,0.0868745433833675,0.76818877720977,0.888190245840207,-0.139211997586688,"N.S.","mmu-miR-3084-3p"
"mmu-miR-3473a",-0.0748573883847048,2.59795144419568,0.0837605038088096,0.772264529326086,0.888190245840207,-0.107985185470266,"N.S.","mmu-miR-3473a"
"mmu-miR-31-5p",0.0502759089314459,5.02048468967689,0.0827041899376759,0.773665682504309,0.888190245840207,0.0725252839806215,"N.S.","mmu-miR-31-5p"
"mmu-miR-139-5p",-0.0432657285849038,10.0850753034275,0.0807697032780013,0.776257030155209,0.888190245840207,-0.0624127801752383,"N.S.","mmu-miR-139-5p"
"mmu-miR-667-3p",-0.0488977482062436,5.14120400976612,0.0801404635674174,0.777107149151526,0.888190245840207,-0.0705372244886981,"N.S.","mmu-miR-667-3p"
"mmu-miR-486a-5p",-0.0435193589222311,9.94750911498369,0.0797365105747758,0.777654801402864,0.888190245840207,-0.0627786534658803,"N.S.","mmu-miR-486a-5p"
"mmu-miR-126a-3p",0.0426991327283022,14.0509958153222,0.079478516813424,0.778005356138535,0.888190245840207,0.0615954398968497,"N.S.","mmu-miR-126a-3p"
"mmu-miR-362-5p",0.0623624918172203,3.29173398461865,0.079442270827375,0.778054655356021,0.888190245840207,0.0899607292023353,"N.S.","mmu-miR-362-5p"
"mmu-miR-374b-5p",0.043085346734261,7.0742522339559,0.0749020400001967,0.78432872686458,0.891421530902876,0.0621525711562296,"N.S.","mmu-miR-374b-5p"
"mmu-miR-144-3p",-0.0462575856438981,5.69042851323588,0.0736969875629185,0.786028116027914,0.891421530902876,-0.0667286699810071,"N.S.","mmu-miR-144-3p"
"mmu-miR-421-3p",-0.0507638768375782,4.39082190435686,0.073551853938572,0.786233790256337,0.891421530902876,-0.0732291998663377,"N.S.","mmu-miR-421-3p"
"mmu-miR-99b-3p",-0.0416941874506661,7.14950553072494,0.0705195974093438,0.790581744118258,0.893850911733381,-0.0601457606529613,"N.S.","mmu-miR-99b-3p"
"mmu-miR-3081-3p",0.0574761033053783,3.37199590873216,0.0695782034622883,0.791951907795775,0.893850911733381,0.0829118916578125,"N.S.","mmu-miR-3081-3p"
"mmu-miR-30e-5p",-0.0392020279442036,11.3450926541697,0.0668054914477949,0.796046064171367,0.896448270463251,-0.056550707281024,"N.S.","mmu-miR-30e-5p"
"mmu-miR-674-5p",-0.048277463980041,4.28749906087519,0.0651011202066769,0.798607856236021,0.897264865237692,-0.0696424362966956,"N.S.","mmu-miR-674-5p"
"mmu-miR-101b-3p",-0.038721465385551,8.84153020892412,0.0639487428244099,0.800360259792021,0.897264865237692,-0.0558574739456654,"N.S.","mmu-miR-101b-3p"
"mmu-miR-145a-3p",-0.0387850053636894,7.73899027766973,0.0623036436888498,0.802891301367019,0.898088703989954,-0.05594913325241,"N.S.","mmu-miR-145a-3p"
"mmu-miR-148b-3p",0.0366097526818065,8.98567033818894,0.0572908525975198,0.810830261471742,0.904944488249712,0.052811232380279,"N.S.","mmu-miR-148b-3p"
"mmu-miR-15b-5p",-0.0427685310045062,4.48513841925591,0.0533814674852984,0.817280388317736,0.910111790999706,-0.0616955500648492,"N.S.","mmu-miR-15b-5p"
"mmu-miR-185-3p",-0.0454439076030235,3.84485515800986,0.0509793436600496,0.821367821762887,0.912630913069875,-0.0655549024204107,"N.S.","mmu-miR-185-3p"
"mmu-miR-744-3p",-0.0602619392770692,2.17072264110237,0.0438250718554407,0.834179404477366,0.922201146464237,-0.0869305866802299,"N.S.","mmu-miR-744-3p"
"mmu-miR-494-3p",-0.0377485801441795,4.46445230469202,0.0417887575891651,0.838022968464474,0.922201146464237,-0.0544540427614131,"N.S.","mmu-miR-494-3p"
"mmu-miR-467c-5p",-0.0626616978740482,1.94395508715097,0.0417401841008314,0.83811583021092,0.922201146464237,-0.0903923475400516,"N.S.","mmu-miR-467c-5p"
"mmu-miR-434-5p",0.0307748272197282,12.8418205130701,0.0412832009359363,0.838992250833622,0.922201146464237,0.0443940871682448,"N.S.","mmu-miR-434-5p"
"mmu-miR-411-5p",-0.030761820943757,11.0151746310739,0.0409450748923632,0.839643978588436,0.922201146464237,-0.0443753250239417,"N.S.","mmu-miR-411-5p"
"mmu-let-7a-1-3p",0.031432259218891,6.78072952462294,0.0392815880852049,0.842891847868313,0.922201146464237,0.0453424627113354,"N.S.","mmu-let-7a-1-3p"
"mmu-let-7c-2-3p",0.031432259218891,6.78072952462294,0.0392815880852049,0.842891847868313,0.922201146464237,0.0453424627113354,"N.S.","mmu-let-7c-2-3p"
"mmu-miR-140-3p",0.0291764158688724,9.31646388357692,0.0364665409879947,0.848555250905491,0.926370361250536,0.0420883061370805,"N.S.","mmu-miR-140-3p"
"mmu-miR-541-5p",-0.0276577515801245,11.6811795881899,0.0332710356347548,0.855266081813486,0.929534002738207,-0.0398975638679978,"N.S.","mmu-miR-541-5p"
"mmu-miR-671-3p",0.028627895129956,7.12344997625882,0.033190734650735,0.855438921736568,0.929534002738207,0.0412970400375773,"N.S.","mmu-miR-671-3p"
"mmu-miR-134-3p",0.0429361928448304,2.90054656294129,0.0320901330922343,0.857829980343366,0.929534002738207,0.0619374098907713,"N.S.","mmu-miR-134-3p"
"mmu-miR-98-5p",-0.0268796154284475,10.9506819922967,0.0312925993299658,0.85958918250272,0.929534002738207,-0.038775067098165,"N.S.","mmu-miR-98-5p"
"mmu-miR-376b-3p",0.0302141073805205,5.20180166885198,0.0307726854374568,0.86074848653558,0.929534002738207,0.0435852233120475,"N.S.","mmu-miR-376b-3p"
"mmu-miR-25-5p",-0.0382095527743718,3.04147264178222,0.0269232141276348,0.869665844669394,0.935498868625665,-0.0551190167344858,"N.S.","mmu-miR-25-5p"
"mmu-miR-30b-5p",0.0255720457899316,7.40043584466922,0.0267783014672389,0.870013947821869,0.935498868625665,0.0368888384575825,"N.S.","mmu-miR-30b-5p"
"mmu-miR-379-3p",-0.0246593449566508,7.12209467771275,0.0246197028433459,0.875318403696318,0.938657755365868,-0.0355722260177498,"N.S.","mmu-miR-379-3p"
"mmu-miR-22-5p",-0.0235549161478827,8.29342458608823,0.023420215623279,0.878369374772801,0.938657755365868,-0.0339790372580697,"N.S.","mmu-miR-22-5p"
"mmu-miR-431-5p",0.0273158593990359,4.81191676986262,0.0233371222261862,0.878583659022453,0.938657755365868,0.0394043688556907,"N.S.","mmu-miR-431-5p"
"mmu-miR-16-5p",0.0219263569236434,9.35065233185574,0.0206499755259841,0.885736586662132,0.944282075332763,0.0316297665491448,"N.S.","mmu-miR-16-5p"
"mmu-miR-29a-3p",-0.0198226368696145,12.4696162219062,0.0171216580865359,0.895894163423655,0.948746632013623,-0.0285950547442879,"N.S.","mmu-miR-29a-3p"
"mmu-miR-195a-5p",-0.0202267835974351,7.60579830489381,0.0169277559470729,0.896482001557579,0.948746632013623,-0.0291780547701054,"N.S.","mmu-miR-195a-5p"
"mmu-miR-380-3p",-0.0209093348947247,6.38190785250386,0.0168839764365831,0.896615197588425,0.948746632013623,-0.0301626660425691,"N.S.","mmu-miR-380-3p"
"mmu-miR-879-5p",-0.0293750008104812,3.13758424179901,0.016589958152929,0.897514313884888,0.948746632013623,-0.0423747739422493,"N.S.","mmu-miR-879-5p"
"mmu-miR-6899-3p",0.0263116058953929,3.0845959926836,0.0131040307133574,0.908862976719538,0.951587888098807,0.0379556875272325,"N.S.","mmu-miR-6899-3p"
"mmu-miR-412-5p",-0.0198351890291222,4.77003966189755,0.0122388090984407,0.911910430044369,0.951587888098807,-0.0286131618049499,"N.S.","mmu-miR-412-5p"
"mmu-miR-324-5p",0.0358219675199819,1.64660655288259,0.0115163422974183,0.914539701974352,0.951587888098807,0.0516748164747018,"N.S.","mmu-miR-324-5p"
"mmu-let-7f-1-3p",-0.0255943814740034,2.88691394207271,0.0113911355358751,0.915003766846534,0.951587888098807,-0.0369210586971495,"N.S.","mmu-let-7f-1-3p"
"mmu-miR-1843b-3p",0.0164817165182885,7.58508023859473,0.0111923194128121,0.915745988712454,0.951587888098807,0.0237756252722729,"N.S.","mmu-miR-1843b-3p"
"mmu-miR-152-3p",0.0157923156450932,8.73276814576958,0.0105271143314063,0.918279072329011,0.951587888098807,0.02278113317521,"N.S.","mmu-miR-152-3p"
"mmu-miR-361-5p",0.0167440405966939,6.04027486237221,0.0105083480382522,0.918351690227388,0.951587888098807,0.0241540396796037,"N.S.","mmu-miR-361-5p"
"mmu-miR-467e-5p",-0.024853578476314,2.82961164144814,0.0103041462994717,0.91914614285871,0.951587888098807,-0.0358524166989633,"N.S.","mmu-miR-467e-5p"
"mmu-miR-1839-5p",-0.0150228982818546,8.08947482407,0.00943979637850489,0.922600433315616,0.951587888098807,-0.0216712136540216,"N.S.","mmu-miR-1839-5p"
"mmu-miR-3064-5p",0.0274592786872074,2.21428860114203,0.00938249343425746,0.922834976422926,0.951587888098807,0.0396112576981601,"N.S.","mmu-miR-3064-5p"
"mmu-miR-32-3p",-0.0184574388580172,4.05456515051674,0.0089836457810768,0.924487907916338,0.951587888098807,-0.0266256945559741,"N.S.","mmu-miR-32-3p"
"mmu-miR-199b-5p",0.0193065762360619,3.75339124690956,0.00896979028994149,0.924545987562473,0.951587888098807,0.0278506138222818,"N.S.","mmu-miR-199b-5p"
"mmu-miR-501-3p",0.0147820780002924,7.03805801959165,0.00880795097895337,0.925227768926439,0.951587888098807,0.0213238194511161,"N.S.","mmu-miR-501-3p"
"mmu-miR-6952-3p",-0.028380095048449,1.90015339167817,0.00842962978300221,0.926846603008238,0.951587888098807,-0.0409395771559767,"N.S.","mmu-miR-6952-3p"
"mmu-miR-191-3p",0.0166287708611191,3.66012814587739,0.00645035968265883,0.935987419387695,0.959003503470999,0.0239877578463236,"N.S.","mmu-miR-191-3p"
"mmu-miR-411-3p",0.0114322244436961,9.15787682259302,0.00559454448495345,0.940376477301157,0.961530140389731,0.0164915034244298,"N.S.","mmu-miR-411-3p"
"mmu-miR-133b-3p",0.0168230096480336,2.58603746443309,0.00428252930796091,0.947822851380184,0.967166174877738,0.0242679561257864,"N.S.","mmu-miR-133b-3p"
"mmu-miR-33-5p",-0.0124248324964624,2.74243504813649,0.00245096602652861,0.960515073916122,0.978121256533729,-0.0179233856606413,"N.S.","mmu-miR-33-5p"
"mmu-miR-362-3p",-0.0138423269997177,1.86491708517408,0.00192883222409979,0.964969390605336,0.979399798301782,-0.0199681859153664,"N.S.","mmu-miR-362-3p"
"mmu-miR-194-5p",-0.00669102461500144,7.63561926677058,0.00185043867790213,0.965688201125557,0.979399798301782,-0.00965210715505915,"N.S.","mmu-miR-194-5p"
"mmu-miR-376c-3p",0.00930503642844243,2.94724679013033,0.00150923836072714,0.96901084403274,0.980679924013053,0.0134229380187439,"N.S.","mmu-miR-376c-3p"
"mmu-miR-106b-3p",-0.005596012548036,6.59592960645339,0.00122633150391405,0.972064577343122,0.980679924013053,-0.00807250247347762,"N.S.","mmu-miR-106b-3p"
"mmu-miR-142a-5p",0.00536533720293993,7.26833631357223,0.00115964120064405,0.972834484620949,0.980679924013053,0.00773974280257365,"N.S.","mmu-miR-142a-5p"
"mmu-miR-539-5p",0.00480823780739091,3.13016785474509,0.000454543047438527,0.982990377659433,0.987144250642814,0.00693610160092549,"N.S.","mmu-miR-539-5p"
"mmu-miR-103-3p",-0.00320738336385748,9.79376657824411,0.000443635521932606,0.983195673640243,0.987144250642814,-0.00462679629752036,"N.S.","mmu-miR-103-3p"
"mmu-miR-1306-3p",-0.00135579080497613,2.16281102846075,2.19702760064777e-05,0.996260132398068,0.998256645689447,-0.00195578986514769,"N.S.","mmu-miR-1306-3p"
"mmu-miR-486b-5p",7.32491121694328e-05,10.0056911467092,1.93124122915833e-07,0.999649362541569,0.999649362541569,0.000105665173923799,"N.S.","mmu-miR-486b-5p"
