"trf","logFC","logCPM","LR","PValue","FDR","log2FC","isSg","miR"
"miR-155-5p",3.07003555931528,6.29261232563496,255.251156360857,1.86074456898598e-57,8.5222101259558e-55,4.42866584617196,"Sgnificant","miR-155-5p"
"miR-183-5p",-2.83501303047529,11.0839092187054,212.695203604782,3.54704080771678e-48,8.12272344967144e-46,-4.08963516511145,"Sgnificant","miR-183-5p"
"miR-21a-5p",2.12380263387561,14.137802154318,171.868639669507,2.89101054972991e-39,3.76739758544717e-37,3.06368183916174,"Sgnificant","miR-21a-5p"
"miR-96-5p",-2.68892385307034,7.23383232261422,171.611373274648,3.29030356807613e-39,3.76739758544717e-37,-3.87889488605979,"Sgnificant","miR-96-5p"
"miR-217-5p",-3.23976139871052,4.81615305809003,150.945196126303,1.07737411705412e-34,9.86874691221572e-33,-4.67350308457523,"Sgnificant","miR-217-5p"
"miR-182-5p",-2.19745414238772,10.4128065869995,128.894416562023,7.15236512340545e-30,5.45963871086616e-28,-3.16992748810118,"Sgnificant","miR-182-5p"
"miR-146a-5p",1.25985939249002,11.8037987772626,63.0057119847632,2.06108003754955e-15,1.34853522456813e-13,1.81740444196807,"Sgnificant","miR-146a-5p"
"miR-223-5p",1.30917293561247,5.17746138672428,46.6991045072946,8.27668202798685e-12,4.73840046102247e-10,1.88854146952381,"Sgnificant","miR-223-5p"
"miR-34a-5p",-1.3872152971643,4.09277735197313,34.1795095971801,5.02553387785001e-09,2.55743835117256e-07,-2.00112112356413,"Sgnificant","miR-34a-5p"
"miR-142a-3p",0.996288937874195,6.42724556155489,33.6537742502273,6.58469929016515e-09,3.01579227489564e-07,1.4371920802984,"Sgnificant","miR-142a-3p"
"miR-504-5p",-1.21283974509078,4.50058834512928,31.8717815393773,1.64692434773393e-08,6.8571941023831e-07,-1.74957646326462,"Sgnificant","miR-504-5p"
"miR-223-3p",1.24160765764292,4.00934529067348,29.3258505623515,6.11741441206291e-08,2.33481316727068e-06,1.79107548479835,"Sgnificant","miR-223-3p"
"miR-375-3p",-0.915800491741187,7.86077017185036,24.1587753223411,8.8711016737703e-07,3.12535735891292e-05,-1.32108383806025,"Sgnificant","miR-375-3p"
"miR-222-3p",0.759575138493675,8.59188038209981,22.5968702233613,1.99809840672834e-06,6.53663621629701e-05,1.09572166460461,"Sgnificant","miR-222-3p"
"miR-1a-3p",-0.836301643799894,9.73703044874739,20.8458681532197,4.97764891630356e-06,0.000151984213577802,-1.20640313619693,"Sgnificant","miR-1a-3p"
"miR-365-3p",0.813608737684213,5.54167662257366,20.3207691143333,6.54858783495481e-06,0.000187453326775581,1.17366758759393,"Sgnificant","miR-365-3p"
"miR-503-5p",1.4122924910952,2.62442725415156,20.0818403258153,7.41978597497766e-06,0.000199897763325869,2.03729611572102,"Sgnificant","miR-503-5p"
"miR-146b-5p",0.630671678332522,11.4606338626489,16.0264974503184,6.24621541599203e-05,0.00154303811527972,0.909772563872886,"Sgnificant","miR-146b-5p"
"miR-142a-5p",0.651892375452031,7.89275728957305,15.9800799704623,6.40124982321283e-05,0.00154303811527972,0.94038438407802,"Sgnificant","miR-142a-5p"
"miR-128-3p",-0.627206975000766,11.3428422365598,15.8180624371881,6.9733628666182e-05,0.00159690009645557,-0.904774571824909,"Sgnificant","miR-128-3p"
"miR-221-3p",0.632303511533108,7.70779778216015,15.0945613754431,0.000102257471357137,0.00223018675626518,0.912126557441513,"Sgnificant","miR-221-3p"
"miR-378a-5p",0.682883777638623,5.43088549756821,14.05840725885,0.000177219814552149,0.0036893943211311,0.98509089048062,"Sgnificant","miR-378a-5p"
"miR-3963",0.710803065677549,4.89088493740368,13.0911717442034,0.000296690708496225,0.00590801497788135,1.02536573257887,"Sgnificant","miR-3963"
"miR-150-5p",0.552606253781504,7.28295049008162,11.4663363701375,0.000708682510903004,0.0135240245830657,0.797159640407883,"Sgnificant","miR-150-5p"
"miR-370-5p",0.669247558783025,4.45724939072996,10.8478701166813,0.000989094558471999,0.018120212311207,0.965420024932021,"Sgnificant","miR-370-5p"
"miR-383-5p",-0.544175330680213,6.84742509461569,10.7067844654734,0.0010674338377342,0.018803257603164,-0.784997650597343,"Sgnificant","miR-383-5p"
"miR-129-2-3p",0.555588391151697,6.32598611041077,10.2048346867354,0.00140072948177833,0.0227524842328824,0.801461509120737,"Sgnificant","miR-129-2-3p"
"miR-29b-1-5p",0.846010467563008,3.10647741626638,10.1782043149267,0.00142110512913893,0.0227524842328824,1.22040855580054,"Sgnificant","miR-29b-1-5p"
"miR-206-3p",1.00311790253871,2.60141217153219,10.1530084146547,0.00144065948199474,0.0227524842328824,1.44704317224511,"Sgnificant","miR-206-3p"
"miR-20a-5p",0.557452039531808,5.65629080342041,9.86311724340023,0.00168625150741288,0.0257434396798366,0.804149906623244,"Sgnificant","miR-20a-5p"
"miR-5114",0.89318537068125,2.67443735759743,8.99786621256565,0.00270295013987,0.0399339085180794,1.28846049793597,"Sgnificant","miR-5114"
"miR-493-3p",-0.541604182632456,5.12851933506825,8.46332450738155,0.00362378902645664,0.0518654804411607,-0.781288652664077,"N.S.","miR-493-3p"
"miR-674-5p",0.608800340945846,4.18766836428712,8.25928133490298,0.00405441751067727,0.056270400602733,0.878222165506789,"N.S.","miR-674-5p"
"miR-15b-5p",0.654212390545884,3.74554085517864,8.11559495697938,0.00438860672744073,0.0591171141519957,0.943731111309754,"N.S.","miR-15b-5p"
"miR-667-3p",0.506442087137761,5.68913643088142,8.04566205518982,0.00456127457529194,0.0596875358709631,0.730565731581064,"N.S.","miR-667-3p"
"miR-101c",-1.06570239438046,1.8676307640899,7.86330454843678,0.00504481078860445,0.0641812039216899,-1.53732414657408,"N.S.","miR-101c"
"miR-154-5p",0.545679530718612,4.71608680624493,7.63367247804759,0.00572885349401794,0.0709139162232491,0.787167527527809,"N.S.","miR-154-5p"
"miR-34c-3p",1.01299903159801,1.95411192695258,7.39043790112327,0.00655715228227128,0.0790309406652696,1.46129715007078,"N.S.","miR-34c-3p"
"miR-451a",0.414057614641883,8.70509453846379,6.82375970468007,0.00899530025900201,0.105637115862126,0.59729693056745,"N.S.","miR-451a"
"miR-221-5p",0.537363124732338,4.16890814656002,6.41500976807481,0.0113159705471317,0.129567862764658,0.775170733861182,"N.S.","miR-221-5p"
"miR-3473e",-0.670345115719366,3.08032426033212,6.14646690569497,0.0131674896891661,0.147090494576538,-0.967003300703356,"N.S.","miR-3473e"
"miR-23a-3p",0.386920005747552,9.62218841413705,6.06247446799776,0.0138084073192837,0.147946495299727,0.558149696167369,"N.S.","miR-23a-3p"
"miR-200c-3p",0.726659891048194,2.7388188870585,6.05204848971111,0.013890173139494,0.147946495299727,1.04823992396555,"N.S.","miR-200c-3p"
"miR-19a-3p",0.840218627968108,2.14177552516784,5.83729219652965,0.0156899548733781,0.163318166636526,1.21205356391043,"N.S.","miR-19a-3p"
"miR-129-1-3p",0.536738902593395,3.91571265709669,5.73303918852653,0.0166486456825365,0.169446216057816,0.77427026505105,"N.S.","miR-129-1-3p"
"miR-370-3p",-0.37074118485537,11.6743608823177,5.61876535198571,0.0177691622769061,0.174468933266672,-0.534811011604211,"N.S.","miR-370-3p"
"miR-350-3p",0.594406165998004,3.31507495697659,5.60551642579496,0.0179040171692873,0.174468933266672,0.857457913841396,"N.S.","miR-350-3p"
"miR-1943-5p",0.707915134897911,2.50531741146999,5.22676904761931,0.0222418112667074,0.212223949169833,1.02119976115515,"N.S.","miR-1943-5p"
"miR-505-5p",0.549544142672319,3.34857671334999,4.80990842351745,0.0282965489473345,0.25979415070692,0.792742405941239,"N.S.","miR-505-5p"
"miR-144-3p",0.437410716796402,4.6320300882057,4.80593898519518,0.0283618068457337,0.25979415070692,0.630984841966413,"N.S.","miR-144-3p"
"miR-193b-3p",0.601591727345139,2.89045135872818,4.66082289034711,0.030858398888906,0.277120523355274,0.867823412712271,"N.S.","miR-193b-3p"
"miR-17-5p",0.403524695325754,4.9737156667241,4.5517201305419,0.0328856928641115,0.289647064072367,0.582102715668444,"N.S.","miR-17-5p"
"miR-16-1-3p",0.395868625473501,5.04784412066699,4.46242639495307,0.0346482476649027,0.299413159066518,0.571058486891452,"N.S.","miR-16-1-3p"
"miR-770-5p",0.406793545686604,4.74474990044247,4.35848482307147,0.036825044651881,0.306846652346881,0.586818180903177,"N.S.","miR-770-5p"
"miR-342-3p",0.35131563585515,6.65350407509159,4.35740493384101,0.0368483971158919,0.306846652346881,0.506788774161592,"N.S.","miR-342-3p"
"let-7k",0.60699061471494,2.66419135341294,4.23457807321884,0.0396084672920238,0.323940678924052,0.875611553155603,"N.S.","let-7k"
"miR-30c-1-3p",0.418619442821302,4.36809676895432,4.17208337626996,0.0410952375228773,0.328296067959981,0.603877575079203,"N.S.","miR-30c-1-3p"
"miR-1249-3p",0.358283896910315,5.85190864383502,4.15243849611355,0.0415746112263731,0.328296067959981,0.516840807483676,"N.S.","miR-1249-3p"
"miR-667-5p",-0.369828607310507,5.29790813290496,4.10905284326049,0.0426542440627715,0.329534910813401,-0.533494577013525,"N.S.","miR-667-5p"
"let-7c-1-3p",-0.414302463637391,4.36411879091488,4.08871260338068,0.0431705123336333,0.329534910813401,-0.597650136373352,"N.S.","let-7c-1-3p"
"miR-326-3p",0.394874856372293,4.67841998994566,4.03786928132153,0.0444899600422583,0.332747250223629,0.569624929790086,"N.S.","miR-326-3p"
"miR-185-5p",-0.313147324776407,11.5959675196617,4.01697685665923,0.045044387584858,0.332747250223629,-0.451729250447739,"N.S.","miR-185-5p"
"miR-1843b-3p",-0.322188106918427,7.2097811410964,3.89699831783371,0.0483724607466399,0.3516601114597,-0.464770989646346,"N.S.","miR-1843b-3p"
"miR-664-3p",0.407084521836673,4.30113734568263,3.86306389909721,0.0493601123188726,0.353233303781932,0.587237927226294,"N.S.","miR-664-3p"
"miR-132-3p",0.377690845582046,4.79005624435765,3.81604406276484,0.0507639583659968,0.357690660486562,0.54483621310695,"N.S.","miR-132-3p"
"miR-467e-5p",0.509323142124173,3.01504558998878,3.61159211177628,0.0573781645626751,0.398169687419775,0.734721784360501,"N.S.","miR-467e-5p"
"miR-378c",0.29167748614373,8.68312141195734,3.36191494494025,0.0667204415761714,0.455116298989628,0.420758032284855,"N.S.","miR-378c"
"miR-329-3p",0.299102171588896,7.05807493413378,3.31305050110209,0.0687317956619596,0.455116298989628,0.431468478536791,"N.S.","miR-329-3p"
"miR-671-3p",-0.295213646656114,7.34761159660529,3.3084975435621,0.0689224793874076,0.455116298989628,-0.425859104564054,"N.S.","miR-671-3p"
"miR-543-3p",-0.2829385882009,11.5951726103595,3.29339022013936,0.0695592596709038,0.455116298989628,-0.408151774766058,"N.S.","miR-543-3p"
"miR-615-3p",-0.285493139921462,8.63012516419989,3.24347091752791,0.071708572350034,0.462570790652332,-0.411836831742941,"N.S.","miR-615-3p"
"miR-195a-3p",-0.29653054353275,6.75721041678195,3.20611446254756,0.0733635115236395,0.466673448303151,-0.427758788169605,"N.S.","miR-195a-3p"
"miR-143-5p",0.322232871966421,5.74366827292808,3.12104341438127,0.0772872795697862,0.483556220839717,0.464835565262923,"N.S.","miR-143-5p"
"miR-181a-2-3p",-0.331703444417552,5.09276223430924,3.10339570658944,0.0781291710527053,0.483556220839717,-0.478497296519018,"N.S.","miR-181a-2-3p"
"miR-138-1-3p",-0.301923642076825,5.79984783324332,2.98389097913796,0.0840968782232967,0.512270634698737,-0.435538577968688,"N.S.","miR-138-1-3p"
"miR-3061-3p",0.589392374176288,2.14878370990504,2.95134169194178,0.0858062936849567,0.512270634698737,0.850225291231122,"N.S.","miR-3061-3p"
"miR-1224-5p",0.322146662351819,5.0275602017884,2.94536759500783,0.0861241023401806,0.512270634698737,0.464711203975107,"N.S.","miR-1224-5p"
"miR-140-5p",0.271979980799453,8.8364375626776,2.84963016034582,0.091394959302194,0.533036201775798,0.392343485453858,"N.S.","miR-140-5p"
"miR-199b-5p",-0.353986629669955,4.29463756706311,2.82379533198578,0.0928765556338695,0.533036201775798,-0.510641804152425,"N.S.","miR-199b-5p"
"miR-487b-5p",0.604413615462493,1.99988048390445,2.81982144727201,0.0931067601355106,0.533036201775798,0.871894114593598,"N.S.","miR-487b-5p"
"miR-23b-3p",0.253974546845376,10.0298499094362,2.63271895232288,0.104682310648969,0.591907386138617,0.366369828518201,"N.S.","miR-23b-3p"
"miR-744-3p",0.55496966127036,2.13048340564962,2.5790236616887,0.108288436118498,0.600853811325866,0.800568963141858,"N.S.","miR-744-3p"
"miR-496a-3p",0.307117395196929,4.84885891645077,2.57028149024447,0.108888354454251,0.600853811325866,0.443030802932227,"N.S.","miR-496a-3p"
"miR-1193-5p",0.426402669967477,3.02386896267896,2.5493080598405,0.110342570874154,0.601629731670982,0.615105234032753,"N.S.","miR-1193-5p"
"miR-134-5p",-0.24855297644456,8.93099291931743,2.47223175241946,0.115873292830116,0.624352566072858,-0.358548966771548,"N.S.","miR-134-5p"
"miR-187-3p",-0.298821709129136,4.81210311547589,2.41961097638607,0.119824684176448,0.63813610875364,-0.431063898689856,"N.S.","miR-187-3p"
"miR-335-5p",-0.24481890278083,8.34717196257171,2.35472072104831,0.124904252574874,0.65754192734819,-0.353162395775173,"N.S.","miR-335-5p"
"miR-574-3p",0.255259304063932,6.53112747663858,2.32490272110725,0.127318179529385,0.657954399089662,0.368223149206028,"N.S.","miR-574-3p"
"miR-485-5p",-0.238887385255422,9.62917129975863,2.31834776801146,0.12785576750869,0.657954399089662,-0.344605912121086,"N.S.","miR-485-5p"
"miR-140-3p",0.242872178747988,10.131718359983,2.29759596341389,0.129574410576682,0.659389778268006,0.350354157867305,"N.S.","miR-140-3p"
"miR-425-5p",0.25118069091782,6.56752429417314,2.26094088084644,0.132673432180956,0.667741010317341,0.362339564344892,"N.S.","miR-425-5p"
"miR-669o-3p",0.495223966744687,2.24998172599255,2.22649107921711,0.135661630866738,0.668097063838346,0.714383082981993,"N.S.","miR-669o-3p"
"miR-669a-3p",0.495223966744687,2.24998172599255,2.22649107921711,0.135661630866738,0.668097063838346,0.714383082981993,"N.S.","miR-669a-3p"
"miR-151-3p",-0.231071682523269,10.6744815945912,2.1900358580047,0.138906081694566,0.676797717192673,-0.33333140565855,"N.S.","miR-151-3p"
"miR-669a-5p",0.331506810758212,3.75419292706099,2.11452411776486,0.145907402446365,0.690255477926469,0.47821364352722,"N.S.","miR-669a-5p"
"miR-669p-5p",0.331506810758212,3.75419292706099,2.11452411776486,0.145907402446365,0.690255477926469,0.47821364352722,"N.S.","miR-669p-5p"
"miR-204-3p",-0.244693610155296,6.31045973659529,2.07964980244172,0.149274420083608,0.690255477926469,-0.352981655467524,"N.S.","miR-204-3p"
"miR-434-5p",-0.223474052587401,12.8630154064283,2.0579936935301,0.151409409278961,0.690255477926469,-0.322371479117393,"N.S.","miR-434-5p"
"miR-411-3p",-0.225670540832832,8.97940391261123,2.04784114789181,0.152422189415225,0.690255477926469,-0.325540013255229,"N.S.","miR-411-3p"
"miR-3070-2-3p",0.459151849864761,2.35052873294881,2.03135605549665,0.154083073070367,0.690255477926469,0.662347414684756,"N.S.","miR-3070-2-3p"
"miR-486a-3p",-0.294298623808745,4.29368127672427,2.02866874575329,0.154355761646286,0.690255477926469,-0.42453914251335,"N.S.","miR-486a-3p"
"miR-674-3p",-0.222079739042567,9.89648011598772,2.00980183407621,0.156285731104982,0.690255477926469,-0.320360118448907,"N.S.","miR-674-3p"
"miR-30b-5p",0.230514253773158,7.27225583504519,2.00927239594164,0.156340283250123,0.690255477926469,0.332527289347974,"N.S.","miR-30b-5p"
"miR-3061-5p",-0.311085918139658,3.92438543364671,1.99403977530826,0.157919125535976,0.690255477926469,-0.44875557767071,"N.S.","miR-3061-5p"
"miR-27a-5p",0.233009542342882,6.7847895775756,1.98105443648224,0.159279368149183,0.690255477926469,0.3361268565359,"N.S.","miR-27a-5p"
"miR-145a-5p",0.228002474101468,8.87934253074409,1.96479806645971,0.161001102137512,0.690255477926469,0.328903932995839,"N.S.","miR-145a-5p"
"miR-299a-3p",-0.256840318659842,5.23993173559098,1.96236549107328,0.161260559253564,0.690255477926469,-0.370503834627393,"N.S.","miR-299a-3p"
"miR-490-5p",0.25634169270864,5.20129992527421,1.91288673066449,0.166642948237822,0.706689539749284,0.369784544027192,"N.S.","miR-490-5p"
"miR-483-3p",0.426308973619575,2.51821526317913,1.87572943351497,0.170820320361861,0.713027451506264,0.614970072791833,"N.S.","miR-483-3p"
"miR-30d-5p",-0.211767625014623,14.4741465907984,1.85432287793498,0.1732814539942,0.713027451506264,-0.305484425215057,"N.S.","miR-30d-5p"
"miR-494-3p",-0.232494464071423,6.20685098133376,1.84562392465388,0.174293216811138,0.713027451506264,-0.335383832715869,"N.S.","miR-494-3p"
"miR-154-3p",-0.451083592497649,2.21724612246169,1.84501073994923,0.17436479163472,0.713027451506264,-0.65070858668114,"N.S.","miR-154-3p"
"miR-34b-3p",0.285942165007072,4.1152726139059,1.80232054581123,0.179432205189303,0.727256194484078,0.412484570839865,"N.S.","miR-34b-3p"
"miR-27a-3p",0.207289971351745,12.9956465889263,1.7727960433549,0.183036424864166,0.73535686480516,0.299025206269658,"N.S.","miR-27a-3p"
"miR-873a-3p",-0.30430034596059,3.62489940558822,1.72336305952454,0.189260720331447,0.739003807918887,-0.438967081356722,"N.S.","miR-873a-3p"
"miR-29b-3p",0.212297893861647,7.43490724420286,1.71967227531158,0.189735235786369,0.739003807918887,0.306249362130845,"N.S.","miR-29b-3p"
"miR-676-5p",-0.214391853844131,7.0490312859528,1.70766025207564,0.191289222446084,0.739003807918887,-0.309269994588843,"N.S.","miR-676-5p"
"miR-1843a-3p",-0.223920678607493,6.04637465439831,1.69773819002317,0.192584038356434,0.739003807918887,-0.323015757453256,"N.S.","miR-1843a-3p"
"miR-3535",-0.21979221164979,6.35940266728215,1.69632846161826,0.192768835075054,0.739003807918887,-0.31706025620274,"N.S.","miR-3535"
"miR-138-5p",-0.204247523908177,9.6526654664593,1.68847236763017,0.193802467193508,0.739003807918887,-0.2946363375345,"N.S.","miR-138-5p"
"miR-409-3p",-0.201542453761367,11.858894782146,1.67178462447483,0.196019669158301,0.739003807918887,-0.290734150885773,"N.S.","miR-409-3p"
"miR-378b",-0.294582868158741,3.75207390192122,1.66557301965364,0.196852542720752,0.739003807918887,-0.42494917790886,"N.S.","miR-378b"
"miR-341-5p",-0.452492780571103,2.07792988836971,1.63873019027366,0.200499780132596,0.744598262567878,-0.652741404533299,"N.S.","miR-341-5p"
"miR-93-5p",0.216814731861349,6.16801844912423,1.61562714483656,0.203702599436396,0.744598262567878,0.312765106263279,"N.S.","miR-93-5p"
"miR-125a-3p",0.215865933465457,6.17677158931584,1.60397373841536,0.20534098194292,0.744598262567878,0.311396421448525,"N.S.","miR-125a-3p"
"miR-488-3p",-0.212703776988322,6.42175164337058,1.59770844076088,0.206228260619061,0.744598262567878,-0.306834866990939,"N.S.","miR-488-3p"
"miR-8114",0.396647587785815,2.39186371567423,1.5652544039639,0.210897529909238,0.744598262567878,0.572182175435558,"N.S.","miR-8114"
"miR-1981-5p",-0.201238103220902,7.5629594884327,1.55279014387375,0.212724012323798,0.744598262567878,-0.290295111396562,"N.S.","miR-1981-5p"
"miR-31-5p",-0.249909832428808,4.56965827765753,1.54561907926766,0.213783350508747,0.744598262567878,-0.360506293206215,"N.S.","miR-31-5p"
"miR-365-2-5p",-0.416305684462322,2.19543151367681,1.54038741619694,0.214560148251389,0.744598262567878,-0.600539873471931,"N.S.","miR-365-2-5p"
"miR-410-5p",-0.283002644258214,3.7209172741984,1.53883969457969,0.214790596946955,0.744598262567878,-0.408244178540472,"N.S.","miR-410-5p"
"miR-219a-1-3p",0.369907994265579,2.58002047013312,1.52198259536369,0.217319713845458,0.744598262567878,0.533609096304838,"N.S.","miR-219a-1-3p"
"miR-126a-5p",0.203546211325242,6.7465533448637,1.50566697728679,0.219801459594682,0.744598262567878,0.293624662254678,"N.S.","miR-126a-5p"
"miR-30a-5p",-0.190536033252235,13.0672962181125,1.49969384637279,0.220718474662477,0.744598262567878,-0.274856888992341,"N.S.","miR-30a-5p"
"miR-200b-3p",-0.29471693774965,3.55395982645584,1.4970442640952,0.22112671083986,0.744598262567878,-0.425142579388027,"N.S.","miR-200b-3p"
"miR-500-3p",0.404806054433484,2.24830879633762,1.49526688856265,0.221401067105251,0.744598262567878,0.583951134426939,"N.S.","miR-500-3p"
"miR-325-3p",0.321474042702202,3.06431546918797,1.48491982581367,0.223006353544131,0.744598262567878,0.463740919555864,"N.S.","miR-325-3p"
"miR-325-5p",-0.201458077410844,6.69679941714939,1.46931751485496,0.225453405351712,0.744598262567878,-0.290612434164724,"N.S.","miR-325-5p"
"miR-380-5p",-0.202076609194027,6.58448698645967,1.46089180082426,0.22678827921789,0.744598262567878,-0.291504694378011,"N.S.","miR-380-5p"
"miR-362-3p",0.390031410579695,2.30992904675857,1.4557568688012,0.227606455806775,0.744598262567878,0.562638039070081,"N.S.","miR-362-3p"
"miR-3084-5p",-0.373054872936711,2.47223098413129,1.43337970551272,0.231213659765694,0.746861498055914,-0.538148611832794,"N.S.","miR-3084-5p"
"miR-9-5p",-0.186115668655411,13.2226327407784,1.4269773258297,0.232258374607714,0.746861498055914,-0.268480312128863,"N.S.","miR-9-5p"
"miR-20b-5p",-0.239205529553914,4.47593906152776,1.42129493682606,0.233190380397371,0.746861498055914,-0.345064849733261,"N.S.","miR-20b-5p"
"miR-153-5p",-0.253748639949514,4.03110215680749,1.39014248048989,0.238381039563348,0.757622201772216,-0.366043947552073,"N.S.","miR-153-5p"
"miR-191-3p",0.265207299143854,3.77992207337284,1.3814250573686,0.239858557329632,0.757622201772216,0.382573584305927,"N.S.","miR-191-3p"
"miR-344d-3p",-0.228722479143028,4.62169064820829,1.34772863878671,0.245675592036326,0.770680966798886,-0.329942572996915,"N.S.","miR-344d-3p"
"miR-126a-3p",0.1798315745864,14.4816371888526,1.33118431979739,0.248594635328672,0.774532945445795,0.259415220783873,"N.S.","miR-126a-3p"
"miR-5129-3p",-0.291981000939432,3.21651538185465,1.31753451290932,0.251035008294806,0.776474909764274,-0.421195866174257,"N.S.","miR-5129-3p"
"miR-129-5p",-0.178610273116793,11.9711874063859,1.30881868830261,0.252608649683137,0.776474909764274,-0.257653437898357,"N.S.","miR-129-5p"
"miR-6516-5p",0.252711060411412,3.84633107992455,1.27865075950451,0.258150054517762,0.778302431808191,0.364547191904036,"N.S.","miR-6516-5p"
"miR-877-5p",-0.296959960107455,3.0559698215001,1.26777313883334,0.260184853574177,0.778302431808191,-0.428378241098221,"N.S.","miR-877-5p"
"miR-224-5p",0.184407851178078,7.74922987517457,1.26137380938361,0.261391207344622,0.778302431808191,0.266016707787079,"N.S.","miR-224-5p"
"miR-29c-3p",0.195517619993712,5.81907495958851,1.25574685185467,0.262457691536419,0.778302431808191,0.282043054310452,"N.S.","miR-29c-3p"
"miR-495-3p",0.179368976621715,9.37434558773371,1.24674934913475,0.264174243351801,0.778302431808191,0.258747902191914,"N.S.","miR-495-3p"
"miR-130a-3p",0.230201330867178,4.27222069662359,1.23664383116058,0.266118851122309,0.778302431808191,0.332075883831841,"N.S.","miR-130a-3p"
"miR-770-3p",-0.175563692966028,8.84021914016542,1.23653786823878,0.266139335778794,0.778302431808191,-0.253258607545211,"N.S.","miR-770-3p"
"miR-493-5p",-0.175573538920491,8.54375692278343,1.22786376783609,0.26782288695184,0.778302431808191,-0.253272810782082,"N.S.","miR-493-5p"
"miR-708-5p",-0.208211975864227,5.03101423513702,1.22440782762542,0.268497345470948,0.778302431808191,-0.300355239689649,"N.S.","miR-708-5p"
"miR-330-3p",-0.176142659805189,7.89313897879102,1.21081157815827,0.271171450463604,0.781110215800821,-0.254093793528277,"N.S.","miR-330-3p"
"miR-106a-5p",0.327996114622659,2.5675572989691,1.18864212044798,0.275603627873144,0.785710060819589,0.473149304769112,"N.S.","miR-106a-5p"
"miR-324-5p",0.344215927978351,2.40844447027364,1.18304891492757,0.27673617005145,0.785710060819589,0.496547122824241,"N.S.","miR-324-5p"
"miR-10a-3p",0.209525948943455,4.77649965101948,1.17725803739758,0.2779149123423,0.785710060819589,0.302250705584532,"N.S.","miR-10a-3p"
"miR-25-3p",0.169433177389276,9.64578617890252,1.16263392368809,0.280919956903676,0.785799742148314,0.244415060156384,"N.S.","miR-25-3p"
"miR-329-5p",-0.173311275360421,7.58804706732552,1.15347063863791,0.282823800235629,0.785799742148314,-0.250009392762991,"N.S.","miR-329-5p"
"miR-1198-5p",-0.169070661141222,9.05956785352705,1.15217746449242,0.283093793568716,0.785799742148314,-0.243892113989989,"N.S.","miR-1198-5p"
"miR-431-5p",0.189912980173677,5.50906895448975,1.12609152897364,0.288610560899165,0.793716614528833,0.273958106604954,"N.S.","miR-431-5p"
"miR-1843a-5p",-0.165280273161379,10.8521320344271,1.12172639252527,0.289547020479613,0.793716614528833,-0.238424307032791,"N.S.","miR-1843a-5p"
"miR-107-3p",0.173581472929027,6.80117311992788,1.10299164389564,0.293610499736694,0.793716614528833,0.250399165037834,"N.S.","miR-107-3p"
"miR-338-5p",-0.163401125975963,10.8298860129557,1.09681049288349,0.294967134811683,0.793716614528833,-0.235713551799116,"N.S.","miR-338-5p"
"miR-346-5p",-0.204856013973018,4.70443812233895,1.09663401556234,0.29500598565316,0.793716614528833,-0.295514112112622,"N.S.","miR-346-5p"
"miR-338-3p",-0.163277880446191,9.13819101475886,1.0739213796922,0.300061375898733,0.793716614528833,-0.235535764520158,"N.S.","miR-338-3p"
"miR-379-5p",-0.161075750681945,12.1462041844247,1.07069854895417,0.300787713452677,0.793716614528833,-0.23235909223499,"N.S.","miR-379-5p"
"miR-744-5p",-0.160507449750884,11.2434392441431,1.05803210540101,0.303664445531134,0.793716614528833,-0.231539292309188,"N.S.","miR-744-5p"
"miR-341-3p",-0.162698847944669,8.78718185406544,1.05756798106266,0.303770528157484,0.793716614528833,-0.23470048381615,"N.S.","miR-341-3p"
"miR-300-3p",-0.160734400315026,10.6417492972658,1.05602283885177,0.304124039144702,0.793716614528833,-0.231866678814251,"N.S.","miR-300-3p"
"miR-3102-3p",0.292394262648698,2.79130540159674,1.05216495489365,0.30500900470977,0.793716614528833,0.42179201497514,"N.S.","miR-3102-3p"
"miR-92b-3p",-0.160692958295755,8.33317097754608,1.02104445242098,0.312271390164052,0.805239933031834,-0.231806896817661,"N.S.","miR-92b-3p"
"miR-671-5p",0.233356128159933,3.66894773034344,1.01800045746962,0.312993776217508,0.805239933031834,0.336626822331439,"N.S.","miR-671-5p"
"miR-1947-5p",-0.287771742115896,2.71439010570197,1.00324764180925,0.316525947607253,0.805239933031834,-0.415123818984793,"N.S.","miR-1947-5p"
"miR-30e-3p",-0.156839084058439,9.29404428057942,0.994805642436704,0.318570663178256,0.805239933031834,-0.226247508048219,"N.S.","miR-30e-3p"
"miR-133a-3p",-0.23631639548759,3.61047776235948,0.978276654053985,0.322624643172788,0.805239933031834,-0.340897142513808,"N.S.","miR-133a-3p"
"miR-127-5p",-0.160693165267225,7.37806740641807,0.977883504251269,0.32272189405166,0.805239933031834,-0.231807195383414,"N.S.","miR-127-5p"
"miR-873a-5p",0.19098120612708,4.76550453292329,0.975115860904871,0.323407603508839,0.805239933031834,0.27549907110013,"N.S.","miR-873a-5p"
"miR-214-5p",-0.202026986163489,4.5561063423233,0.974733428606903,0.323502505846851,0.805239933031834,-0.291433110900791,"N.S.","miR-214-5p"
"miR-362-5p",0.226612026731576,3.68185961028021,0.960296692119764,0.327112137746769,0.809823562637947,0.326898149460448,"N.S.","miR-362-5p"
"miR-3068-3p",0.222841485841646,3.69982835737725,0.940120158904751,0.332246941778427,0.810301154264376,0.321458972832621,"N.S.","miR-3068-3p"
"miR-672-5p",-0.163416707049817,6.35193478553505,0.935980395901199,0.333313729391444,0.810301154264376,-0.235736028206405,"N.S.","miR-672-5p"
"miR-124-5p",-0.257266639484308,3.02869617261321,0.933421814348131,0.333975344449031,0.810301154264376,-0.371118821795569,"N.S.","miR-124-5p"
"miR-1839-3p",0.246334320908004,3.18824636236265,0.930467500965348,0.334741474708056,0.810301154264376,0.355348455308627,"N.S.","miR-1839-3p"
"miR-350-5p",-0.256987687972211,2.9745281563377,0.918931699502925,0.337755629510648,0.810301154264376,-0.37071642155932,"N.S.","miR-350-5p"
"miR-7a-5p",-0.148961351218978,15.287455138756,0.913780113700568,0.339113428765023,0.810301154264376,-0.214883520336243,"N.S.","miR-7a-5p"
"miR-369-3p",0.157905249641895,6.79086637243682,0.911602570660342,0.339689566853188,0.810301154264376,0.22778550036609,"N.S.","miR-369-3p"
"miR-148b-5p",-0.208223893078047,3.93654346561888,0.897487767058239,0.34345622743609,0.81229855714549,-0.300372430812293,"N.S.","miR-148b-5p"
"miR-363-5p",0.20594596015523,3.98028031426992,0.895192486920565,0.344074061323635,0.81229855714549,0.297086409025171,"N.S.","miR-363-5p"
"miR-486b-5p",0.148244046416544,8.55910425179813,0.875391170506251,0.349467115644679,0.820799687001349,0.213848775552849,"N.S.","miR-486b-5p"
"miR-30a-3p",-0.145134546209804,9.81714718005393,0.855921973439592,0.354882420339346,0.822129577205813,-0.209363180158859,"N.S.","miR-30a-3p"
"miR-210-3p",0.18396490497196,4.55307435025162,0.853722015807977,0.355501525556946,0.822129577205813,0.265377737750145,"N.S.","miR-210-3p"
"miR-382-3p",-0.145824612565801,8.5755690649913,0.848403148738065,0.357004472056047,0.822129577205813,-0.210358632245112,"N.S.","miR-382-3p"
"miR-690",-0.192079002178881,4.25598760326903,0.847038562352473,0.357391466281349,0.822129577205813,-0.277082691806385,"N.S.","miR-690"
"miR-32-3p",-0.215963602713301,3.5573226410995,0.839889212338242,0.359428458065837,0.822129577205813,-0.311537313778204,"N.S.","miR-32-3p"
"miR-700-5p",0.184467970825737,4.53368699670557,0.835094270511352,0.360803591743163,0.822129577205813,0.266103433111633,"N.S.","miR-700-5p"
"miR-708-3p",-0.153517498370727,6.38078067667248,0.823007685222866,0.364302254453493,0.824397495241054,-0.221455969707346,"N.S.","miR-708-3p"
"miR-665-3p",-0.263270066999958,2.65119821126145,0.815641157605484,0.366457679084979,0.824397495241054,-0.379779038879329,"N.S.","miR-665-3p"
"miR-3099-3p",0.169748611648867,4.98316810335946,0.808607632254487,0.368532225070616,0.824397495241054,0.244870088414257,"N.S.","miR-3099-3p"
"miR-136-3p",-0.142464887476801,8.51184835866681,0.80703307661862,0.368998878874271,0.824397495241054,-0.205512076084213,"N.S.","miR-136-3p"
"miR-330-5p",-0.139305307629499,10.4438598970892,0.788438773765228,0.374572623867393,0.830084856995173,-0.200954238532286,"N.S.","miR-330-5p"
"miR-340-3p",-0.141967809725444,7.83310583642778,0.783120597553677,0.376188446083223,0.830084856995173,-0.204795018832661,"N.S.","miR-340-3p"
"miR-19b-3p",0.173891976999978,4.62893689688573,0.780521254256438,0.376981769115712,0.830084856995173,0.250847081274486,"N.S.","miR-19b-3p"
"miR-499-5p",0.198791451289364,3.76898130819146,0.774045701118482,0.378968384875396,0.830466604176705,0.286765704770051,"N.S.","miR-499-5p"
"miR-486a-5p",0.137058662334656,8.4843438482548,0.746842346560051,0.387477807697363,0.845070647263772,0.197713350570729,"N.S.","miR-486a-5p"
"miR-9-3p",-0.134855128294567,8.97806561371036,0.730954188483435,0.392574073627821,0.845233183231751,-0.194534652553826,"N.S.","miR-9-3p"
"miR-539-5p",-0.157637459840933,5.21021243973943,0.730547228212938,0.392705868029696,0.845233183231751,-0.227399201405521,"N.S.","miR-539-5p"
"miR-381-3p",-0.133315556188152,12.1182112930656,0.723162316005528,0.395108567196336,0.845233183231751,-0.19231374980737,"N.S.","miR-381-3p"
"miR-100-5p",-0.131101461176253,12.5781245308586,0.710191000814518,0.399380411549286,0.845233183231751,-0.18911981710857,"N.S.","miR-100-5p"
"miR-487b-3p",0.140203045106782,6.63695173018475,0.706671554245816,0.40055099459678,0.845233183231751,0.202249265650915,"N.S.","miR-487b-3p"
"miR-5099",0.166536489045275,4.53166807242262,0.691331645905279,0.405711807605084,0.845233183231751,0.240236455547993,"N.S.","miR-5099"
"miR-199b-3p",0.134623343571266,10.8204587933941,0.688278752109312,0.4067504586563,0.845233183231751,0.194200292554434,"N.S.","miR-199b-3p"
"miR-199a-3p",0.134623343571266,10.8204587933941,0.688278752109312,0.4067504586563,0.845233183231751,0.194200292554434,"N.S.","miR-199a-3p"
"miR-6944-3p",-0.24099638315454,2.65893198535445,0.681535546381781,0.409058465275155,0.845233183231751,-0.347648237457394,"N.S.","miR-6944-3p"
"miR-125b-5p",0.128382067762224,13.8839018230224,0.678872063316589,0.409975395803141,0.845233183231751,0.185196968495799,"N.S.","miR-125b-5p"
"miR-484",0.132977962596821,7.58464351356472,0.678470199472481,0.410114003630465,0.845233183231751,0.191826755706185,"N.S.","miR-484"
"miR-99a-5p",-0.128012869764738,16.6414428099796,0.678350440989107,0.41015532314418,0.845233183231751,-0.184664383602123,"N.S.","miR-99a-5p"
"miR-200a-3p",-0.223699586486533,3.06212170062285,0.674336820343584,0.41154366781808,0.845233183231751,-0.322696822018784,"N.S.","miR-200a-3p"
"miR-361-5p",0.136561194200542,6.4924655546945,0.664700329352417,0.414905438192962,0.846540721068288,0.196995730174306,"N.S.","miR-361-5p"
"miR-215-5p",0.21616615428507,3.05740086413963,0.661936856438754,0.415876991791189,0.846540721068288,0.311829503627686,"N.S.","miR-215-5p"
"miR-411-5p",-0.123533244903828,11.2033807512197,0.627454095035255,0.42829070919759,0.8575444717532,-0.178202321113961,"N.S.","miR-411-5p"
"miR-28a-3p",0.135707561594657,6.16066796216692,0.625959139040852,0.428841413971763,0.8575444717532,0.195764326337502,"N.S.","miR-28a-3p"
"miR-199a-5p",-0.132175335354223,8.07006106416505,0.624100354188045,0.429527637410535,0.8575444717532,-0.19066892942443,"N.S.","miR-199a-5p"
"miR-99b-3p",-0.126513861980925,7.58511781702256,0.616340600359841,0.432410401271924,0.8575444717532,-0.182501996734917,"N.S.","miR-99b-3p"
"miR-149-5p",0.123231984449875,10.1798453473928,0.614396327219374,0.433137300769246,0.8575444717532,0.177767739215006,"N.S.","miR-149-5p"
"miR-378a-3p",0.122144935707595,11.9650598360048,0.612166643880386,0.433973194792993,0.8575444717532,0.176199621991266,"N.S.","miR-378a-3p"
"miR-212-5p",-0.127963607082366,7.07129884494761,0.611059045069744,0.434389339403368,0.8575444717532,-0.184593319943512,"N.S.","miR-212-5p"
"miR-3473a",0.219826606449914,2.78116249356786,0.601850080310349,0.437873006015519,0.859110362150017,0.317109872265373,"N.S.","miR-3473a"
"miR-351-5p",0.141383807954404,5.27112239278207,0.599067299095898,0.438934115159616,0.859110362150017,0.203952569731491,"N.S.","miR-351-5p"
"miR-423-5p",0.122281654968965,8.85576434749053,0.593397907122917,0.441108168952275,0.859691665447413,0.176396845740518,"N.S.","miR-423-5p"
"miR-377-5p",0.257612559342834,2.17932110521011,0.585362267317467,0.44421812566623,0.859725394464675,0.371617826915663,"N.S.","miR-377-5p"
"miR-300-5p",-0.263476556725787,2.10965320773035,0.5813274597046,0.445792469023775,0.859725394464675,-0.380076909695055,"N.S.","miR-300-5p"
"miR-30d-3p",-0.157809579139121,4.26892646957333,0.57886674361945,0.446756864372473,0.859725394464675,-0.227647491317029,"N.S.","miR-30d-3p"
"miR-151-5p",-0.137181973421607,5.30682433279283,0.567729809937906,0.45116244224807,0.864570705228518,-0.197891232418898,"N.S.","miR-151-5p"
"miR-22-3p",0.113956875856757,12.0971695309815,0.536106748215104,0.464050710015863,0.880620049275052,0.16438797345912,"N.S.","miR-22-3p"
"miR-491-5p",0.239202352603038,2.2784325160746,0.535464330917728,0.464318557440167,0.880620049275052,0.345060266837211,"N.S.","miR-491-5p"
"miR-483-5p",-0.248133347869735,2.18156800248888,0.533101607651608,0.465305790228303,0.880620049275052,-0.357943633477683,"N.S.","miR-483-5p"
"miR-185-3p",-0.137409642914422,4.84902414969052,0.516443154411972,0.472362887408273,0.884389029580182,-0.198219656011252,"N.S.","miR-185-3p"
"miR-1843b-5p",-0.111833998511725,10.4750164327425,0.512548609716639,0.474037658895001,0.884389029580182,-0.161325626391177,"N.S.","miR-1843b-5p"
"miR-16-5p",0.112978525708498,8.86809496463845,0.512477463477267,0.47406834337481,0.884389029580182,0.162976658898269,"N.S.","miR-16-5p"
"miR-299a-5p",0.197985742932629,2.86700151561878,0.510271887327502,0.47502118182691,0.884389029580182,0.285603433841096,"N.S.","miR-299a-5p"
"miR-1981-3p",0.174740021277966,3.31830017593544,0.495609332015534,0.481435722865237,0.891477487417477,0.252070423694274,"N.S.","miR-1981-3p"
"miR-181d-5p",-0.110558052182015,9.12412491981025,0.492708841604194,0.482721434234791,0.891477487417477,-0.159485015811019,"N.S.","miR-181d-5p"
"miR-369-5p",-0.110065295853652,9.09466412200833,0.486863337839022,0.485329843943415,0.892695054321622,-0.158774192408572,"N.S.","miR-369-5p"
"miR-331-3p",0.146930067291373,4.16026833449479,0.481611563293848,0.487693250100598,0.893454034184295,0.211953300936417,"N.S.","miR-331-3p"
"miR-410-3p",-0.109909444483119,7.76347373566844,0.468884858556091,0.4935006335275,0.894715370578486,-0.158549369722181,"N.S.","miR-410-3p"
"miR-26a-2-3p",0.148154703787833,3.99787880693639,0.468018082857698,0.493900358801632,0.894715370578486,0.213719894749766,"N.S.","miR-26a-2-3p"
"miR-12194-3p",-0.231429246392889,2.15005983951119,0.46727746912573,0.494242333529164,0.894715370578486,-0.333847207793937,"N.S.","miR-12194-3p"
"miR-339-3p",-0.152902128752378,3.7109749763585,0.450289417999327,0.502197546412515,0.905358890652215,-0.220568271060572,"N.S.","miR-339-3p"
"miR-1298-5p",-0.115564794402513,5.93151244468623,0.446345880588569,0.504075364882783,0.905358890652215,-0.166707469051089,"N.S.","miR-1298-5p"
"miR-181a-1-3p",0.127134454081592,4.78611590467072,0.435829953127247,0.509142057131626,0.910886961587049,0.18339722904983,"N.S.","miR-181a-1-3p"
"let-7f-1-3p",-0.215799530936281,2.23707287046484,0.427836581306751,0.513052418632183,0.912509595622207,-0.311300632781788,"N.S.","let-7f-1-3p"
"miR-328-3p",-0.101438751935647,12.0827254055189,0.424856930733114,0.51452342580714,0.912509595622207,-0.14633001067776,"N.S.","miR-328-3p"
"miR-127-3p",-0.100826942546522,13.4348473915954,0.419837047980621,0.517018365346759,0.912509595622207,-0.145447447823476,"N.S.","miR-127-3p"
"miR-421-3p",0.118101168549312,5.23823897762398,0.416316594449116,0.518780737797078,0.912509595622207,0.170366304051537,"N.S.","miR-421-3p"
"miR-191-5p",0.100224451819959,11.7172977240444,0.413871638918797,0.520010926762873,0.912509595622207,0.144578327563527,"N.S.","miR-191-5p"
"miR-345-5p",0.174374789663134,2.90363501158024,0.404520286760519,0.524763977508987,0.914622847972396,0.251543560487872,"N.S.","miR-345-5p"
"miR-10b-3p",-0.106150331825771,6.56270241020511,0.403652045596472,0.525209189992883,0.914622847972396,-0.153126678839336,"N.S.","miR-10b-3p"
"miR-664-5p",-0.108814649398587,5.95968886694007,0.392702134800288,0.530882453916369,0.921000620809459,-0.156970078047624,"N.S.","miR-664-5p"
"miR-106b-5p",0.124329106882337,4.3316592872136,0.367929175036029,0.544135214544475,0.924464136150223,0.179350388194745,"N.S.","miR-106b-5p"
"miR-872-3p",0.13171089548009,3.97522499088061,0.367639121842975,0.544293969726699,0.924464136150223,0.189998953794364,"N.S.","miR-872-3p"
"miR-25-5p",0.156051851580445,3.14208336029333,0.365955481845521,0.545217173521108,0.924464136150223,0.225111889414191,"N.S.","miR-25-5p"
"let-7j",0.183536990662877,2.51834824935819,0.365485512265802,0.545475393591319,0.924464136150223,0.264760451907975,"N.S.","let-7j"
"miR-153-3p",-0.107659861981965,5.50311376284203,0.36182859865705,0.547492428417861,0.924464136150223,-0.155304244707008,"N.S.","miR-153-3p"
"miR-145a-3p",0.0987625882794787,9.90613205327366,0.361364640756321,0.547749324085323,0.924464136150223,0.142469522955761,"N.S.","miR-145a-3p"
"miR-412-3p",0.204636609204413,2.1368807333298,0.356441314161803,0.55048931210963,0.924464136150223,0.295197610760624,"N.S.","miR-412-3p"
"miR-425-3p",0.144920745788913,3.40023829505196,0.354153207831825,0.551771463296066,0.924464136150223,0.209054763333189,"N.S.","miR-425-3p"
"miR-3102-5p.2-5p",-0.147603652602487,3.30429084186151,0.353903808684797,0.551911554093328,0.924464136150223,-0.212924978366264,"N.S.","miR-3102-5p.2-5p"
"miR-669o-5p",0.215921712654513,1.935624914742,0.350190761061695,0.554005164727222,0.924464136150223,0.311476885464243,"N.S.","miR-669o-5p"
"let-7i-3p",0.15171135471464,3.16186851247193,0.348290953478921,0.555082177819457,0.924464136150223,0.218850525383184,"N.S.","let-7i-3p"
"miR-1191a",0.144739418613301,3.30097158100803,0.336798834137276,0.561682849463095,0.926336367493661,0.208793190639941,"N.S.","miR-1191a"
"miR-29b-2-5p",0.125352820356745,4.00519682441056,0.336748155645089,0.561712289297585,0.926336367493661,0.180827141415607,"N.S.","miR-29b-2-5p"
"miR-106b-3p",0.097734834619335,6.39151680816862,0.335782120066731,0.562274039657724,0.926336367493661,0.140986941583325,"N.S.","miR-106b-3p"
"miR-181c-3p",-0.141614899418694,3.35022776157473,0.330393607342897,0.565427409685123,0.928192665361241,-0.204285929673246,"N.S.","miR-181c-3p"
"miR-103-3p",0.0874889097221656,10.2886147157555,0.313435142476692,0.575579854970986,0.939204619416328,0.126206729179317,"N.S.","miR-103-3p"
"miR-1306-5p",-0.179000635282433,2.31976371188665,0.312357867076302,0.576236895318751,0.939204619416328,-0.258216553066636,"N.S.","miR-1306-5p"
"miR-582-3p",0.101054012842919,5.0583035328276,0.292550086877151,0.588590989980013,0.946399127212327,0.14577500704776,"N.S.","miR-582-3p"
"miR-320-3p",-0.0839646169546217,9.9464178084123,0.287663313670956,0.591721839572864,0.946399127212327,-0.121122776661512,"N.S.","miR-320-3p"
"miR-298-5p",0.0988258613710322,5.24246337268781,0.28485155853415,0.59353882212563,0.946399127212327,0.142560797266475,"N.S.","miR-298-5p"
"miR-28a-5p",0.0881691236595025,6.85273073322895,0.284214617100067,0.593952019626839,0.946399127212327,0.127187968703802,"N.S.","miR-28a-5p"
"miR-187-5p",-0.154696642775203,2.66883110253332,0.28169751055256,0.595590760700752,0.946399127212327,-0.223156939110114,"N.S.","miR-187-5p"
"miR-490-3p",0.0872180699438236,7.09735243229837,0.28140420540995,0.595782324455925,0.946399127212327,0.125816030487737,"N.S.","miR-490-3p"
"miR-434-3p",0.0826844963374188,10.1606322792628,0.279374720352997,0.59711134025492,0.946399127212327,0.119276144481899,"N.S.","miR-434-3p"
"let-7e-5p",0.0823218351311502,12.1284307921068,0.279267109281179,0.597181982018259,0.946399127212327,0.118752989206691,"N.S.","let-7e-5p"
"miR-335-3p",-0.082805190616694,9.17796130638672,0.275994487945664,0.599338671019025,0.946541763195564,-0.119450251466045,"N.S.","miR-335-3p"
"miR-337-5p",-0.0811851248283102,10.264350065562,0.269458673831156,0.603695129751236,0.947120555797724,-0.117113232924421,"N.S.","miR-337-5p"
"miR-6540-5p",-0.0825437563826496,8.22437586820538,0.269241472885895,0.603841053041344,0.947120555797724,-0.119073120699654,"N.S.","miR-6540-5p"
"miR-541-5p",-0.0792929433970346,13.0627533338679,0.258821566389869,0.61093091266715,0.947543431088101,-0.114383675198607,"N.S.","miR-541-5p"
"miR-34c-5p",-0.0812033209435945,8.00238410490663,0.257905458395346,0.611562798224159,0.947543431088101,-0.117139481647843,"N.S.","miR-34c-5p"
"miR-7a-1-3p",0.15681304117133,2.4381065904821,0.253642272395,0.614522038096636,0.947543431088101,0.226209939999755,"N.S.","miR-7a-1-3p"
"miR-148b-3p",-0.0775292544609079,9.12669926027533,0.242732779737079,0.62223928711575,0.947543431088101,-0.111839473737814,"N.S.","miR-148b-3p"
"miR-384-5p",0.0831835523835182,6.05031582554321,0.234134682721273,0.628474827883643,0.947543431088101,0.119996055513542,"N.S.","miR-384-5p"
"miR-136-5p",0.0779987237710904,7.41956663286514,0.231454620540033,0.63044734068859,0.947543431088101,0.112516704557999,"N.S.","miR-136-5p"
"miR-532-5p",-0.0754670102815495,9.50641497226639,0.23129385069223,0.630566112915341,0.947543431088101,-0.108864592767501,"N.S.","miR-532-5p"
"let-7e-3p",0.105560881993026,3.89947262106008,0.229632174280888,0.631796699914411,0.947543431088101,0.152276370661507,"N.S.","let-7e-3p"
"miR-339-5p",-0.0974286078564728,4.3643327460548,0.228477506936486,0.632655039197757,0.947543431088101,-0.14054519555802,"N.S.","miR-339-5p"
"miR-29c-5p",0.0915410445204547,4.83490819333709,0.226604971314746,0.634052698169697,0.947543431088101,0.132052117820115,"N.S.","miR-29c-5p"
"miR-23b-5p",-0.0858139721072316,5.3670036168964,0.223638568771515,0.636281387746515,0.947543431088101,-0.123790555533634,"N.S.","miR-23b-5p"
"miR-135a-5p",-0.148996793444019,2.37131876635269,0.222133416822931,0.63741914775787,0.947543431088101,-0.21493464735693,"N.S.","miR-135a-5p"
"miR-10b-5p",-0.072551453464337,13.8153250635837,0.217600782683348,0.640874113774161,0.947543431088101,-0.104658769528815,"N.S.","miR-10b-5p"
"miR-361-3p",-0.0729666427806471,9.11515528795074,0.214912026976577,0.642944349853944,0.947543431088101,-0.105257698990481,"N.S.","miR-361-3p"
"let-7b-3p",-0.0862843147636618,5.05310653641984,0.213552027125107,0.64399749315126,0.947543431088101,-0.12446904619548,"N.S.","let-7b-3p"
"miR-433-3p",0.0716583937098964,10.7530712778383,0.210918956175379,0.646048087168782,0.947543431088101,0.103370490238016,"N.S.","miR-433-3p"
"miR-501-3p",0.0738418958706069,7.60331383998313,0.209981036534787,0.646782267778357,0.947543431088101,0.106520291358345,"N.S.","miR-501-3p"
"let-7d-5p",0.0712584266139499,13.4289549466727,0.207561370449,0.648685528207982,0.947543431088101,0.102793519521167,"N.S.","let-7d-5p"
"miR-652-3p",0.0732107348784605,7.57732650144467,0.205526796469417,0.650296278472816,0.947543431088101,0.105609812937053,"N.S.","miR-652-3p"
"miR-122-5p",-0.089143019689173,4.64636946662718,0.205249919373166,0.650516221247324,0.947543431088101,-0.128592857996122,"N.S.","miR-122-5p"
"miR-700-3p",0.0748525041821847,6.76732998131198,0.203746452368703,0.651713661530909,0.947543431088101,0.107978139786114,"N.S.","miR-700-3p"
"miR-3057-5p",0.12637052681081,2.80018568321939,0.20120211277434,0.653752279921326,0.947543431088101,0.182295229236567,"N.S.","miR-3057-5p"
"miR-186-5p",0.0714412845697482,7.6992837861519,0.197621990253061,0.656647192758258,0.947543431088101,0.103057300434416,"N.S.","miR-186-5p"
"miR-203-3p",0.0704855469536987,8.22286140325127,0.195828690634277,0.658109086121693,0.947543431088101,0.101678605479155,"N.S.","miR-203-3p"
"miR-3072-3p",-0.160735094332168,1.86229140763042,0.186611067731121,0.665752292069329,0.947543431088101,-0.231867679965526,"N.S.","miR-3072-3p"
"miR-376b-3p",-0.0709171660472221,7.14744512201104,0.185590042107243,0.666612616221189,0.947543431088101,-0.102301235641286,"N.S.","miR-376b-3p"
"miR-433-5p",0.0973731531422042,3.75883592370503,0.185313405305565,0.666846195486291,0.947543431088101,0.140465199611932,"N.S.","miR-433-5p"
"miR-3064-5p",-0.139330076510159,2.27698618373413,0.184837153681737,0.66724880482469,0.947543431088101,-0.200989968768535,"N.S.","miR-3064-5p"
"let-7b-5p",0.0667891321058017,13.6527140369944,0.183975573208102,0.667978724322638,0.947543431088101,0.096346359036441,"N.S.","let-7b-5p"
"miR-6540-3p",0.153036251573568,1.99382925961013,0.18381177543861,0.668117720437829,0.947543431088101,0.220761749326838,"N.S.","miR-6540-3p"
"miR-1188-5p",-0.105479860185365,3.36905527054328,0.181174436704119,0.670365884928695,0.947543431088101,-0.152159493021021,"N.S.","miR-1188-5p"
"miR-139-5p",0.0663095877977644,10.3451831820074,0.179995928730264,0.67137673934866,0.947543431088101,0.0956545945738809,"N.S.","miR-139-5p"
"miR-30e-5p",-0.0648838073580907,11.1000092918746,0.173242425872516,0.677246092580555,0.947543431088101,-0.0935978414792257,"N.S.","miR-30e-5p"
"miR-466i-5p",-0.0989503177447418,3.40323981397887,0.165819774847765,0.683853946279193,0.947543431088101,-0.142740331242853,"N.S.","miR-466i-5p"
"miR-758-3p",-0.0660705194841384,7.48470074529659,0.165757459020043,0.683910145531933,0.947543431088101,-0.0953097276643608,"N.S.","miR-758-3p"
"miR-143-3p",0.0654837887815376,15.4504789818342,0.165264188634865,0.684355434385495,0.947543431088101,0.0944633419553666,"N.S.","miR-143-3p"
"miR-379-3p",-0.0663225073085681,7.06080089485964,0.164278590498246,0.685247485886111,0.947543431088101,-0.0956732315554856,"N.S.","miR-379-3p"
"miR-331-5p",-0.0790237972332113,4.66506714669689,0.163231475773452,0.686198635138371,0.947543431088101,-0.113995419622956,"N.S.","miR-331-5p"
"miR-10a-5p",0.0624809424464147,12.1117673640621,0.161102166831071,0.688143799380485,0.947543431088101,0.0901315996192527,"N.S.","miR-10a-5p"
"miR-144-5p",0.0887004268585349,3.95220829534755,0.159154819360852,0.689935848817608,0.947543431088101,0.127954397719381,"N.S.","miR-144-5p"
"miR-7b-5p",-0.0619278657178058,13.5796261281176,0.158030999938774,0.690975834743854,0.947543431088101,-0.0893337612975201,"N.S.","miR-7b-5p"
"miR-30b-3p",-0.0680122836875894,6.11208527579432,0.157902869111707,0.691094679090119,0.947543431088101,-0.098110810792877,"N.S.","miR-30b-3p"
"miR-423-3p",0.0615421264840915,9.58504104014486,0.153532511916886,0.695182164761206,0.947543431088101,0.0887773149186841,"N.S.","miR-423-3p"
"miR-1983",0.0741853811183582,4.9183821805778,0.151660204717952,0.696953829236559,0.947543431088101,0.107015784441728,"N.S.","miR-1983"
"miR-15b-3p",0.107734778967625,2.88320498878472,0.151390676846059,0.697209904534257,0.947543431088101,0.155412315864256,"N.S.","miR-15b-3p"
"miR-125a-5p",0.0603241531626596,13.5733995227131,0.148344313159214,0.70012263963003,0.948686890386254,0.0870203330381949,"N.S.","miR-125a-5p"
"miR-30c-2-3p",-0.0615920456774028,7.20510774239026,0.142935179214288,0.705380308730368,0.952991685541323,-0.0888493256241678,"N.S.","miR-30c-2-3p"
"miR-760-3p",-0.063106319624741,6.37045599872468,0.140312118633666,0.70797092112304,0.953678476101037,-0.0910337346261991,"N.S.","miR-760-3p"
"miR-376a-3p",-0.0984857348656597,3.01094164437408,0.136084866266683,0.71220463123452,0.956568097083315,-0.142070149321649,"N.S.","miR-376a-3p"
"miR-344c-3p",-0.117040283694629,2.28907895966769,0.129860207823182,0.718577024251293,0.960834040992136,-0.168835929424963,"N.S.","miR-344c-3p"
"miR-27b-3p",-0.0558555901949453,14.4438819795107,0.128898760402365,0.719576585284504,0.960834040992136,-0.0805742278337983,"N.S.","miR-27b-3p"
"miR-679-5p",-0.0660827420546044,5.02984018132902,0.124484246857685,0.724220951141101,0.964224405879722,-0.0953273592778485,"N.S.","miR-679-5p"
"miR-7043-3p",0.0792731755490735,3.70640118955121,0.120466648467146,0.728528921781151,0.965003209681112,0.114355159179354,"N.S.","miR-7043-3p"
"miR-15a-5p",0.112172133144836,2.27888200785227,0.118696885263385,0.730452142447105,0.965003209681112,0.161813400969722,"N.S.","miR-15a-5p"
"miR-24-1-5p",-0.0549005315156902,7.75373966617666,0.116886089003397,0.732436628632109,0.965003209681112,-0.0791965122757249,"N.S.","miR-24-1-5p"
"miR-3095-3p",0.0716343824253339,4.18321121460499,0.116162992536114,0.733233879845037,0.965003209681112,0.103335852868575,"N.S.","miR-3095-3p"
"miR-26a-5p",-0.0523406286093534,16.3117119469809,0.11334032150603,0.736372810488812,0.966357441844917,-0.0755037359701179,"N.S.","miR-26a-5p"
"miR-125b-2-3p",-0.0553348034951535,6.7106139330758,0.111261118872928,0.738712912771853,0.966658611570025,-0.0798229693464136,"N.S.","miR-125b-2-3p"
"miR-598-3p",-0.0511763937034359,8.98148505840144,0.10533861478344,0.745514779913134,0.970928856368748,-0.0738242741967474,"N.S.","miR-598-3p"
"miR-181c-5p",-0.0590197186417771,5.27687788801006,0.104738179149314,0.746216064283405,0.970928856368748,-0.0851386269473091,"N.S.","miR-181c-5p"
"miR-345-3p",-0.0664570539165033,4.11303184032156,0.0976786421304503,0.754633340914244,0.971727977269852,-0.095867321153397,"N.S.","miR-345-3p"
"miR-26b-5p",0.0485694954186923,12.230485452649,0.0972493303253827,0.755155853862669,0.971727977269852,0.0700637049215618,"N.S.","miR-26b-5p"
"miR-30c-5p",-0.0483693585270433,12.1823146776218,0.0964084080752627,0.756183014695189,0.971727977269852,-0.0697749983579147,"N.S.","miR-30c-5p"
"miR-32-5p",-0.050506442264066,7.27208294957051,0.0962997353384072,0.75631611303311,0.971727977269852,-0.0728578387920734,"N.S.","miR-32-5p"
"miR-532-3p",-0.0773486756443578,3.28093710648419,0.0953858969750776,0.757438619836981,0.971727977269852,-0.111578980586531,"N.S.","miR-532-3p"
"miR-541-3p",0.0752967207455427,3.20549122006566,0.0878104136122495,0.766979437212683,0.978913238446458,0.108618942371112,"N.S.","miR-541-3p"
"miR-344b-3p",-0.0628674748614835,4.02580419055694,0.0852345304586173,0.770325209678884,0.978913238446458,-0.0906891901982474,"N.S.","miR-344b-3p"
"miR-382-5p",-0.0446748678932608,11.4273604022847,0.0821924574175767,0.774347957247066,0.978913238446458,-0.0644455276815282,"N.S.","miR-382-5p"
"miR-322-3p",-0.0486747667033225,6.00146960687155,0.0798024892622626,0.777565249754147,0.978913238446458,-0.0702155635348636,"N.S.","miR-322-3p"
"miR-3474",0.103470841924852,1.91771665129557,0.0795945540089598,0.777847612139592,0.978913238446458,0.149261392858085,"N.S.","miR-3474"
"miR-344-3p",0.0462351782685656,6.94844100891185,0.0787227183773842,0.779035863132521,0.978913238446458,0.0666963463235381,"N.S.","miR-344-3p"
"miR-92a-3p",-0.0444290093815377,8.03173397973257,0.0774800521831978,0.780741864215699,0.978913238446458,-0.064090865602597,"N.S.","miR-92a-3p"
"miR-380-3p",0.0444993603314956,6.99183656437498,0.0734563514597699,0.786369249214373,0.978913238446458,0.0641923500457914,"N.S.","miR-380-3p"
"miR-666-5p",-0.0430748022379685,7.69023531637315,0.0716417258393323,0.788961257386171,0.978913238446458,-0.0621373602410161,"N.S.","miR-666-5p"
"miR-322-5p",-0.0718893489427299,2.94402487726792,0.070600297443133,0.790464744948801,0.978913238446458,-0.103703653659704,"N.S.","miR-322-5p"
"miR-301a-5p",0.0529112341764415,4.50184755273175,0.069777113718593,0.791661578892735,0.978913238446458,0.0763268604381493,"N.S.","miR-301a-5p"
"miR-152-3p",0.0413205200384962,8.95125746013971,0.0681754589910888,0.79401207056809,0.978913238446458,0.0596067284254409,"N.S.","miR-152-3p"
"miR-148a-5p",0.0575819112630276,3.86516641625013,0.0662078770895249,0.796940311896404,0.978913238446458,0.0830645244463391,"N.S.","miR-148a-5p"
"miR-29a-3p",0.0400017011464445,12.4714046261463,0.0661301601110864,0.79705692040107,0.978913238446458,0.0577042722252857,"N.S.","miR-29a-3p"
"miR-669c-5p",0.0420385276734206,6.54452722598164,0.0633656480066116,0.801253367219952,0.978913238446458,0.06064248707665,"N.S.","miR-669c-5p"
"miR-409-5p",0.0400747802130364,8.24888065605476,0.063300767830051,0.801353011811038,0.978913238446458,0.0578096921007346,"N.S.","miR-409-5p"
"miR-138-2-3p",0.0450333143509298,5.36168060799267,0.0617173373798043,0.803801922883919,0.978913238446458,0.0649626029902955,"N.S.","miR-138-2-3p"
"miR-363-3p",0.0410230300491381,6.84798035514033,0.0611491148552581,0.804688850146232,0.978913238446458,0.0591775855930554,"N.S.","miR-363-3p"
"miR-879-5p",-0.0560631092191106,3.68082617888083,0.0595699804505392,0.807176899202349,0.978913238446458,-0.0808735834591633,"N.S.","miR-879-5p"
"miR-376a-5p",0.0456135840175484,5.02756399762451,0.0593684203304852,0.807496976752339,0.978913238446458,0.065799668361192,"N.S.","miR-376a-5p"
"miR-92b-5p",-0.0436284541682861,5.38983827672004,0.0575224105227399,0.810455613642161,0.978913238446458,-0.0629360283173596,"N.S.","miR-92b-5p"
"miR-1193-3p",-0.0499899577873956,4.18860937509721,0.0569027541106215,0.811459982732777,0.978913238446458,-0.0721127864571035,"N.S.","miR-1193-3p"
"miR-204-5p",0.0368930178055574,11.6371911968645,0.0558203783332374,0.813228311629886,0.978913238446458,0.053219855197419,"N.S.","miR-204-5p"
"miR-137-5p",0.0430791271935688,5.22380430451354,0.0551478882312617,0.814336121939084,0.978913238446458,0.062143599186065,"N.S.","miR-137-5p"
"miR-8103",0.0681967268461297,2.48371737744608,0.0497296187259488,0.82353442680207,0.984474447394326,0.0983768784331392,"N.S.","miR-8103"
"miR-24-2-5p",0.0345075058568876,10.1568784747164,0.0487179049630626,0.825309423075214,0.984474447394326,0.0497786457753803,"N.S.","miR-24-2-5p"
"miR-99b-5p",-0.0343413664433835,12.527010316376,0.0486604000551552,0.825410890391749,0.984474447394326,-0.0495389821193501,"N.S.","miR-99b-5p"
"miR-431-3p",-0.0394132472618804,4.86090497611086,0.0425914435708172,0.836496478147771,0.992599678521217,-0.0568554007479805,"N.S.","miR-431-3p"
"miR-872-5p",-0.0312997660542286,9.41553351494332,0.0397358563481829,0.841997927974344,0.992599678521217,-0.0451513352986864,"N.S.","miR-872-5p"
"miR-376b-5p",0.0313960423286444,7.42378152830287,0.0373534727751865,0.84674715546902,0.992599678521217,0.0452902182008759,"N.S.","miR-376b-5p"
"miR-676-3p",-0.0299780697406191,8.79891972795991,0.0359079466215793,0.849705718041435,0.992599678521217,-0.0432447282871379,"N.S.","miR-676-3p"
"miR-542-3p",-0.0428651153027379,3.74573937211593,0.0356910962366896,0.85015483390502,0.992599678521217,-0.0618348773053945,"N.S.","miR-542-3p"
"miR-296-3p",0.0525553125589479,2.76841342768567,0.0342597096738686,0.853155475327983,0.992599678521217,0.0758134273261043,"N.S.","miR-296-3p"
"let-7c-5p",-0.0278160489062451,15.9595656190762,0.0319299412549299,0.858181505827543,0.992599678521217,-0.0401259149565067,"N.S.","let-7c-5p"
"miR-24-3p",-0.027170963586705,14.7045131311712,0.0305005067021753,0.861359417930262,0.992599678521217,-0.0391953500600039,"N.S.","miR-24-3p"
"miR-125b-1-3p",-0.027777986946939,7.86283326786139,0.0300643765907482,0.86234424010279,0.992599678521217,-0.0400710088500593,"N.S.","miR-125b-1-3p"
"miR-673-5p",-0.0277241771936138,7.73023854413355,0.0297076376058625,0.863155273987499,0.992599678521217,-0.0399933858349059,"N.S.","miR-673-5p"
"miR-214-3p",-0.03354829522544,4.84416054985287,0.0287654422224399,0.865321749537779,0.992599678521217,-0.0483949408375376,"N.S.","miR-214-3p"
"miR-148a-3p",0.0262752337253893,14.0139221470571,0.0278450730766053,0.867473573687369,0.992599678521217,0.0379032190186651,"N.S.","miR-148a-3p"
"miR-27b-5p",-0.0273382439006075,6.6195583905104,0.0268509816680282,0.869839237902901,0.992599678521217,-0.0394366595167198,"N.S.","miR-27b-5p"
"miR-3068-5p",0.0281256121738118,5.79682435542286,0.0259419190162065,0.872042243424392,0.992599678521217,0.0405724740415123,"N.S.","miR-3068-5p"
"miR-101b-3p",-0.0249592609115581,8.93366154740688,0.0250609287251962,0.874215334296128,0.992599678521217,-0.0360048684157148,"N.S.","miR-101b-3p"
"miR-547-3p",0.0285932280301,5.28656870469493,0.0246414756870532,0.875263734918339,0.992599678521217,0.0412470311702035,"N.S.","miR-547-3p"
"miR-101a-3p",-0.0244885336702753,10.6774806676754,0.0245979264639686,0.875373106132325,0.992599678521217,-0.0353258229727374,"N.S.","miR-101a-3p"
"miR-540-3p",0.025249073621465,7.38679251786623,0.0242783738132957,0.876178696023309,0.992599678521217,0.0364229364235127,"N.S.","miR-540-3p"
"miR-139-3p",0.0255072245317748,6.69118589797093,0.023470904332429,0.878238847904523,0.992599678521217,0.0367953308461694,"N.S.","miR-139-3p"
"miR-195a-5p",0.0241992148344086,7.69288103116608,0.0226517625301614,0.880366186572345,0.992599678521217,0.0349084674006924,"N.S.","miR-195a-5p"
"miR-1264-3p",-0.0531997091137874,1.99734574963121,0.0225037425179586,0.880754773371432,0.992599678521217,-0.0767429986482179,"N.S.","miR-1264-3p"
"miR-673-3p",-0.0276170800494135,4.95306423457575,0.0213866174935196,0.883730634324687,0.992599678521217,-0.0398388933361779,"N.S.","miR-673-3p"
"let-7a-1-3p",-0.0241764434736962,6.69131755075267,0.0211993230344178,0.884237268202307,0.992599678521217,-0.0348756186777671,"N.S.","let-7a-1-3p"
"let-7c-2-3p",-0.0241764434736962,6.69131755075267,0.0211993230344178,0.884237268202307,0.992599678521217,-0.0348756186777671,"N.S.","let-7c-2-3p"
"miR-6899-3p",0.0313888932417186,3.56008096361071,0.0177863307442028,0.893904405275524,0.995367575668358,0.0452799053180157,"N.S.","miR-6899-3p"
"miR-574-5p",0.0202778158977173,7.11928485961257,0.0154029963347224,0.90122912394978,0.995367575668358,0.0292516711829919,"N.S.","miR-574-5p"
"miR-450b-3p",0.0345987427424569,2.79877367651376,0.0152252568251683,0.901797746859979,0.995367575668358,0.0499102591300876,"N.S.","miR-450b-3p"
"miR-124-3p",0.0199887722601913,7.43549573973319,0.0151917702808078,0.90190525332798,0.995367575668358,0.0288347125970626,"N.S.","miR-124-3p"
"miR-98-5p",0.0190868776743727,11.0241567311172,0.0149904422232296,0.902554155576084,0.995367575668358,0.0275336886604041,"N.S.","miR-98-5p"
"miR-3473b",0.0255946898665137,4.17084142138364,0.014433689384223,0.904372016369446,0.995367575668358,0.0369215035673638,"N.S.","miR-3473b"
"miR-192-5p",-0.0180216015581143,8.65476031143982,0.0129877548153838,0.90926646513827,0.995367575668358,-0.025996979439398,"N.S.","miR-192-5p"
"let-7d-3p",-0.0178791597505529,9.95110612495314,0.0129707378750865,0.909325668779654,0.995367575668358,-0.025791500657141,"N.S.","let-7d-3p"
"let-7f-5p",-0.0173219647895036,16.0777202906569,0.0123686009437733,0.911446482025167,0.995367575668358,-0.0249877215979144,"N.S.","let-7f-5p"
"miR-1839-5p",0.0174935548302954,8.67618403926749,0.012247138971178,0.911880579899288,0.995367575668358,0.0252352480315715,"N.S.","miR-1839-5p"
"miR-1964-3p",-0.0183448006519063,6.10392216824722,0.0115026518414503,0.914590319460081,0.995367575668358,-0.026463208823565,"N.S.","miR-1964-3p"
"miR-342-5p",-0.0162992061400791,6.88456527339662,0.00978743520843395,0.921192684218272,0.995367575668358,-0.0235123457554948,"N.S.","miR-342-5p"
"miR-193a-5p",0.0216022831446531,3.95434346654442,0.00977641033178367,0.921236937714735,0.995367575668358,0.0311622753918197,"N.S.","miR-193a-5p"
"let-7g-5p",-0.01412206428325,14.736192412598,0.00822930572530822,0.927718637618294,0.995367575668358,-0.0203717196626293,"N.S.","let-7g-5p"
"miR-497a-5p",0.0154225405073404,5.14490063927979,0.00696751504414372,0.933476524965781,0.995367575668358,0.0222477157304639,"N.S.","miR-497a-5p"
"miR-374b-5p",0.0141557942863444,6.37265078915861,0.00692924763377079,0.933659035908613,0.995367575668358,0.0204203767253275,"N.S.","miR-374b-5p"
"let-7i-5p",0.0123887085577522,15.7833896588714,0.00635746138777904,0.936449063666103,0.995367575668358,0.0178712752369984,"N.S.","let-7i-5p"
"miR-152-5p",-0.0150563386373739,4.40915597184729,0.00552232461203239,0.940761854342831,0.995367575668358,-0.0217194528869264,"N.S.","miR-152-5p"
"miR-467c-5p",-0.0231592649513245,2.11504932177722,0.00454880066604968,0.946227607363371,0.995367575668358,-0.033408292422272,"N.S.","miR-467c-5p"
"miR-181a-5p",0.010130946595371,11.899689889245,0.00423625840322472,0.948105092864676,0.995367575668358,0.0146143509771979,"N.S.","miR-181a-5p"
"miR-455-5p",-0.00998691387635586,9.96940270791811,0.00405397733112522,0.949232314768568,0.995367575668358,-0.0144065772328521,"N.S.","miR-455-5p"
"miR-134-3p",0.0141209660792459,3.7899464033165,0.0038860531951741,0.950293495540231,0.995367575668358,0.0203701354534333,"N.S.","miR-134-3p"
"miR-412-5p",-0.0102572132804841,6.79392258395837,0.00380411331123298,0.950819662734178,0.995367575668358,-0.0147964964100653,"N.S.","miR-412-5p"
"miR-190a-5p",-0.0137450682452295,3.81629599114459,0.00376174843807586,0.951093935083743,0.995367575668358,-0.0198278857410131,"N.S.","miR-190a-5p"
"miR-376c-3p",0.0128461918259768,4.19086965628556,0.0037500617043067,0.951169868066551,0.995367575668358,0.0185312156468199,"N.S.","miR-376c-3p"
"miR-137-3p",-0.00962618685568465,7.46383462007197,0.00352860920563813,0.952631842325935,0.995367575668358,-0.0138862121082885,"N.S.","miR-137-3p"
"miR-467b-5p",-0.0113815121601937,4.65881907805003,0.00336882981013353,0.953715475338215,0.995367575668358,-0.0164183486502948,"N.S.","miR-467b-5p"
"miR-467a-5p",-0.0113815121601937,4.65881907805003,0.00336882981013353,0.953715475338215,0.995367575668358,-0.0164183486502948,"N.S.","miR-467a-5p"
"miR-450a-5p",-0.0093723618680443,5.93455697009964,0.00293468501037708,0.956797544617247,0.995367575668358,-0.013520058025722,"N.S.","miR-450a-5p"
"miR-132-5p",-0.00860324797973049,7.35303491571116,0.00280747417996707,0.957743378329875,0.995367575668358,-0.0124105762809074,"N.S.","miR-132-5p"
"let-7a-5p",0.00814412083425189,15.1875944941511,0.00271612157757772,0.958435926848522,0.995367575668358,0.0117482645034227,"N.S.","let-7a-5p"
"miR-874-3p",0.00971666761330426,4.57245507268961,0.00240510841538111,0.960885900986998,0.995367575668358,0.0140167347140577,"N.S.","miR-874-3p"
"miR-3081-3p",0.0145910698048859,2.26876839494456,0.00197571348411429,0.964546504914892,0.995367575668358,0.0210482814467535,"N.S.","miR-3081-3p"
"miR-455-3p",0.00677976262171892,8.97861061693962,0.00184721046625391,0.965718125342048,0.995367575668358,0.00978011576343306,"N.S.","miR-455-3p"
"miR-194-5p",-0.00594150673879128,7.42302305058817,0.00134853979038585,0.970706292391393,0.995367575668358,-0.0085708935484624,"N.S.","miR-194-5p"
"miR-877-3p",-0.00837313201408657,3.50399630483246,0.00124622152779708,0.971839037838308,0.995367575668358,-0.0120786235402904,"N.S.","miR-877-3p"
"miR-503-3p",0.00666195513230111,4.58157811833812,0.00112761183237353,0.973212125195332,0.995367575668358,0.00961017310487839,"N.S.","miR-503-3p"
"miR-22-5p",0.00529338350982798,8.52534799398751,0.00111660201970665,0.973343173232023,0.995367575668358,0.00763594632952512,"N.S.","miR-22-5p"
"miR-201-5p",0.0103992456262637,2.09814857975502,0.000901466474183543,0.976047568601246,0.995367575668358,0.0150013845250898,"N.S.","miR-201-5p"
"miR-218-5p",0.00373769517594771,15.0180355424906,0.000571958634282055,0.980919885632823,0.995367575668358,0.0053917951923702,"N.S.","miR-218-5p"
"miR-33-5p",-0.00629855208625108,2.9508809289065,0.000533183144682425,0.981577877084668,0.995367575668358,-0.00908594769206414,"N.S.","miR-33-5p"
"miR-485-3p",-0.00331038754730316,8.90610578264358,0.000440064385806238,0.983263435295197,0.995367575668358,-0.00477538451430975,"N.S.","miR-485-3p"
"miR-668-3p",0.00341710993123997,6.26036574470843,0.000403637651387179,0.983970990685897,0.995367575668358,0.00492933640432248,"N.S.","miR-668-3p"
"miR-130b-5p",-0.00441513538228256,3.66065197897509,0.000367702399147962,0.98470104811752,0.995367575668358,-0.00636903348380149,"N.S.","miR-130b-5p"
"miR-340-5p",0.00249980861475758,9.07858317696983,0.000250965972490746,0.987360516804121,0.995367575668358,0.00360608755835149,"N.S.","miR-340-5p"
"miR-7689-3p",0.00359670492231834,3.12183482418274,0.000195958886560987,0.988831152547389,0.995367575668358,0.00518841034264176,"N.S.","miR-7689-3p"
"miR-384-3p",0.00162588586083292,6.09740226583972,8.76707814327915e-05,0.992529302449079,0.995367575668358,0.00234541426069028,"N.S.","miR-384-3p"
"miR-323-3p",-0.00146992300458512,9.57715021935248,8.75607156842761e-05,0.992533993305771,0.995367575668358,-0.00212043075108891,"N.S.","miR-323-3p"
"miR-323-5p",-0.00105650628300629,5.89635128553317,3.74907731393037e-05,0.995114606546474,0.995367575668358,-0.00152405833789751,"N.S.","miR-323-5p"
"miR-181b-5p",0.0009078249639382,9.78039823579018,3.37086550601384e-05,0.995367575668358,0.995367575668358,0.00130957877666812,"N.S.","miR-181b-5p"
