Sample_ID,Ala_3-tRF,Ala_5-half,Ala_5-tRF,Ala_i-tRF,Arg_3-tRF,Arg_i-tRF,Asn_3-half,Asn_5-tRF,Asn_i-tRF,Asp_3-half,Asp_3-tRF,Asp_5-half,Asp_5-tRF,Asp_i-tRF,Cys_3-tRF,Cys_5-half,Cys_5-tRF,Gln_3-tRF,Gln_5-half,Gln_5-tRF,Gln_i-tRF,Glu_3-half,Glu_3-tRF,Glu_5-half,Glu_5-tRF,Glu_i-tRF,Gly_3-half,Gly_3-tRF,Gly_5-half,Gly_5-tRF,Gly_i-tRF,His_5-half,His_5-tRF,His_i-tRF,Leu_3-tRF,Leu_5-half,Leu_5-tRF,Leu_i-tRF,Lys_3-half,Lys_5-half,Lys_5-tRF,Lys_i-tRF,Met_3-tRF,Met_5-half,Met_5-tRF,Met_i-tRF,Phe_3-tRF,Pro_3-tRF,Pro_5-half,Pro_5-tRF,Pro_i-tRF,Ser_3-tRF,Ser_5-half,Ser_5-tRF,Ser_i-tRF,Sex,Sup_i-tRF,Thr_3-tRF,Thr_i-tRF,Time_taken,Treatment,Trp_3-tRF,Tyr_3-tRF,Val_3-half,Val_3-tRF,Val_5-half,Val_5-tRF,Val_i-tRF
Ester_24h_CNT_F_S_S5_R1_001.flexbar_q.fastq,16431.329999999998,106.63,1711.17,86.32,309.74,324.96999999999997,228.5,15.23,253.89,1071.3899999999999,528.0799999999999,594.08,223.42000000000002,1218.6,2752.1,370.67,264.04,6240.45,55.86,2183.41,548.38,218.35,1101.8600000000001,448520.1,246297.15,7255.99,96.47,2112.31,39560.07,9358.13,1528.3999999999999,91423.31,31110.850000000002,853.05,3315.71,243.73,568.6999999999999,1289.75,25.39,21828.86,13100.369999999999,2818.11,279.28,35.54,15.23,2386.52,0.0,71.09,817.51,15.23,182.8,2122.4500000000003,91.39,1690.8500000000001,30.47,0.0,55.85,985.06,10.16,24.0,0.0,111.71,5113.22,30.47,4569.9,2163.07,1457.29,264.03
Ester_24h_CNT_F_S_S6_R1_001.flexbar_q.fastq,6572.36,78.03,421.34000000000003,33.8,153.45,114.43,114.44000000000001,5.2,67.61,697.0300000000001,158.64,983.13,44.21,382.32,1165.17,218.46999999999997,106.63,2192.53,57.22,356.31,200.27,171.66,478.56,676127.74,141580.46,3305.69,75.42,694.4300000000001,17990.149999999998,2840.15,712.63,68457.28,11207.1,202.86,1349.85,291.28999999999996,616.41,889.49,10.4,33356.04,6408.51,1089.75,218.46999999999997,57.22,2.6,1399.27,7.8,26.01,603.4,5.2,111.83,730.84,96.22999999999999,918.1,33.81,0.0,23.41,377.13,20.8,24.0,0.0,41.620000000000005,2658.08,5.2,2067.66,1890.8400000000001,520.17,83.21000000000001
Ester_24h_CNT_M_S_S17_R1_001.flexbar_q.fastq,6617.15,130.08,986.9,33.93,79.19,339.34000000000003,96.15,48.07,84.84,353.47,262.99,364.78,90.49,763.53,1340.39,291.27,73.52000000000001,2884.41,118.77,3851.5,155.53,79.18,336.52000000000004,397794.86,285654.11,3594.17,67.87,681.51,35905.06,13415.27,721.1,83129.99,92945.41,449.61,1843.7600000000002,175.32,2038.8700000000003,1159.41,19.79,26349.79,11362.260000000002,1860.71,96.14,31.11,39.59,673.02,25.45,11.31,1091.54,28.28,144.22,630.61,16.97,704.13,101.80000000000001,1.0,33.93,376.09,5.66,24.0,0.0,62.21,4326.599999999999,11.31,2955.09,1942.73,1108.51,214.92
Ester_24h_CNT_M_S_S18_R1_001.flexbar_q.fastq,21818.13,221.21,1420.42,116.43,372.57,803.35,395.84999999999997,58.21,314.36,1548.47,419.14,721.85,46.58,849.92,4878.219999999999,1455.32,372.56,8114.85,139.72,896.48,523.9300000000001,291.08,1327.26,465526.48,164800.0,11060.49,163.0,2782.5699999999997,64848.88,9360.61,2503.17,94444.19,23646.0,861.55,4319.38,384.23,4971.37,2899.02,58.22,27802.36,7311.530000000001,5937.78,419.13,34.93,34.93,3725.61,23.29,104.78,908.12,0.0,488.98,2736.0099999999998,58.21,2910.64,337.64,1.0,337.63,1292.31,58.22,24.0,0.0,197.93,16415.97,69.86,7742.3,2340.17,1012.91,896.48
Ester_24h_LPS_F_S_S7_R1_001.flexbar_q.fastq,43841.78,251.25,2638.05,195.41,781.64,683.9300000000001,516.45,27.92,265.20000000000005,893.3,683.94,642.06,97.71000000000001,837.5,8402.65,1102.67,404.78000000000003,17935.91,125.62,1102.67,879.38,153.54,2665.97,502051.81000000006,111774.9,7732.69,321.03,5527.32,50736.990000000005,11766.49,3978.01,72650.89,15256.0,683.9399999999999,9784.49,697.91,1032.8899999999999,3028.89,69.78999999999999,27538.96,8458.51,6113.58,781.6500000000001,41.87,0.0,3922.16,97.71,167.49,2791.58,0.0,446.65,7341.85,321.03,2903.24,334.99,0.0,195.41,3475.5,41.88,24.0,1.0,474.57000000000005,11878.18,27.92,11682.77,1940.15,1856.42,516.47
Ester_24h_LPS_M_S_S19_R1_001.flexbar_q.fastq,13100.42,119.49000000000001,1352.5900000000001,57.36,172.06,544.85,329.78000000000003,38.24,76.48,482.73,320.23,736.03,200.74,932.0,3412.5,363.24,248.53,7269.51,100.37,6160.680000000001,415.82,191.19,568.77,376743.29000000004,225254.50999999998,5157.05,119.48,1825.75,55121.17,26650.100000000002,1787.52,113105.19,52296.51,845.97,3775.75,597.43,195.95999999999998,1562.9,33.46,24269.95,27950.11,3560.7,282.0,66.91,23.9,1696.7,43.01,23.9,2112.52,33.46,172.06,1601.1299999999999,516.18,1495.97,81.26,1.0,133.82,984.56,23.900000000000002,24.0,1.0,109.91999999999999,5171.34,4.78,6213.280000000001,2958.4700000000003,2074.28,511.41
Ester_24h_LPS_M_S_S20_R1_001.flexbar_q.fastq,11733.19,472.83,1054.22,49.03,220.66000000000003,350.24,339.74,45.53,143.59,490.35,175.1,619.9300000000001,52.54,371.24,2385.17,395.78,196.14,5722.99,129.59,1141.79,259.15,168.13,528.85,506999.61,248225.11,4146.79,49.03,1908.83,38222.16,12279.539999999999,1197.83,65926.46,20769.48,381.76,3516.4500000000003,420.29,5723.01,770.49,14.01,23518.920000000002,5320.16,2217.02,367.76,98.07,14.01,1229.33,14.01,59.54,1873.81,14.01,276.69,1845.8,252.18,1383.46,84.05,1.0,70.05,840.5799999999999,17.509999999999998,24.0,1.0,189.13,4350.04,14.01,5740.49,2076.96,938.63,294.19
Ester_24h_PS_F_S_S8_R1_001.flexbar_q.fastq,11516.91,116.88,958.46,66.22999999999999,202.6,264.93,202.6,35.07,136.37,436.37,607.79,755.8499999999999,62.34,522.09,1893.51,1651.95,167.54,3732.4700000000003,77.92,471.42,292.2,93.52,1071.42,625462.69,175177.09,4994.83,136.37,1274.04,31176.7,5512.99,1207.8,52180.64000000001,7663.67,389.59000000000003,2263.6400000000003,237.68,3837.66,985.74,66.23,29275.41,6023.36,1998.73,241.57,23.38,0.0,2041.57,11.69,15.58,942.86,11.69,171.43,1344.1699999999998,38.96,1367.55,81.82,0.0,42.86,596.11,11.69,24.0,1.0,116.88,2777.92,15.58,3058.46,1671.44,880.5,237.67
Ester_4h_CNT_F_S_S1_R1_001.flexbar_q.fastq,5393.63,200.69,1269.38,35.12,180.63,245.84,265.90999999999997,35.12,145.5,772.69,431.5,802.77,175.60000000000002,3216.11,1540.33,807.79,165.57,3336.53,185.64,3115.78,220.75,160.55,752.61,473322.68999999994,191487.52999999997,5248.14,110.38,898.1,60996.05,14650.68,832.85,77814.24,41834.73,571.97,1535.33,948.3,195.68,767.63,15.049999999999999,49049.72,11820.91,1866.45,125.43,120.42,25.09,1113.85,35.12,10.03,1816.29,15.05,85.28999999999999,707.45,461.59,727.5,75.25999999999999,0.0,40.14,336.15000000000003,40.14,4.0,0.0,40.14,2287.91,0.0,3206.09,3035.5,1630.62,180.63
Ester_4h_CNT_F_S_S2_R1_001.flexbar_q.fastq,13053.78,71.55,1574.18,71.55,354.65,706.2099999999999,307.97999999999996,46.67,186.66,640.86,479.09,699.98,96.44,755.97,2771.9,202.22,152.44,6274.900000000001,90.22,2218.14,404.45,124.45,899.05,551552.39,179672.71,6554.88,155.55,1539.95,27526.13,7746.39,1331.5,85848.07,23450.75,731.11,2865.2400000000002,283.09,964.42,1673.73,37.34,26664.39,6918.87,3733.2,279.99,62.22,6.22,1757.7,28.0,40.44,687.53,6.22,186.67000000000002,1390.63,59.11,1241.3,99.56,0.0,59.11,796.4300000000001,24.88,4.0,0.0,68.45,5550.03,18.67,7093.08,1907.0600000000002,1197.72,444.89
Ester_4h_CNT_M_S_S13_R1_001.flexbar_q.fastq,14484.359999999999,83.36,1096.24,104.21000000000001,233.42,408.48,279.27,41.68,145.88,1062.9,350.13,583.54,116.7,1600.59,2817.67,208.41,258.42,6227.23,91.7,1879.83,320.96,212.57999999999998,566.89,401706.46,251823.56000000003,5422.79,100.03,1646.44,30831.87,9595.11,1408.83,113407.32,53027.33,354.31,3680.49,345.95,1950.69,1237.94,58.35,36817.35,18435.77,3830.54,304.28000000000003,45.85,25.01,1488.04,25.01,62.52,1012.87,12.5,258.42,1538.06,70.86,1442.18,54.18000000000001,1.0,104.2,1025.3700000000001,33.34,4.0,0.0,83.36,5481.13,4.17,4572.47,2284.18,1137.92,358.48
Ester_4h_CNT_M_S_S14_R1_001.flexbar_q.fastq,16922.38,125.1,908.21,74.14,240.95,282.66,366.07,115.84,171.45,1144.53,1288.17,546.77,74.14,2872.9,2386.36,1098.2,152.91000000000003,7200.82,101.94000000000001,1153.8,324.35,227.06,1116.73,281906.67000000004,345231.19999999995,5384.34,78.78,1816.3899999999999,111139.93000000001,15235.7,1033.29,96034.01,20657.14,537.51,3095.33,125.1,5616.070000000001,1042.57,37.07,19855.51,11361.88,2335.42,245.59,143.65,37.07,2006.4,9.27,69.51,1288.18,32.44,268.76,2182.47,37.07,4105.4800000000005,27.8,1.0,69.51,1186.23,27.8,4.0,0.0,162.18,6005.31,37.07,4212.05,3377.98,1019.4,278.02
Ester_4h_LPS_F_S_S3_R1_001.flexbar_q.fastq,2611.85,135.65,541.97,15.88,74.78,219.70000000000002,62.2,45.0,29.79,250.11,365.27,706.73,93.97,674.97,613.4200000000001,167.42000000000002,56.900000000000006,1670.8700000000001,55.589999999999996,2210.84,91.32000000000001,89.33,217.72,334804.12,407143.11,1933.6000000000001,34.42,473.79,24741.399999999998,9285.4,312.36,89932.39,68054.27,204.48000000000002,862.89,121.09,2914.27,228.94,1.99,21706.04,12837.58,891.37,25.150000000000002,50.29,35.07,325.57,7.94,5.29,743.77,15.88,48.96,320.28000000000003,35.739999999999995,998.54,23.83,0.0,5.96,148.88,4.63,4.0,1.0,25.810000000000002,1361.17,16.54,1767.48,1780.7,717.3,97.94000000000001
Ester_4h_LPS_F_S_S4_R1_001.flexbar_q.fastq,7378.9800000000005,191.92000000000002,712.54,57.35,198.54000000000002,311.05,147.81,37.5,61.769999999999996,275.74,227.23000000000002,734.5799999999999,46.33,253.68,1387.56,92.64999999999999,83.83999999999999,3174.4,57.36,1272.8500000000001,121.32,88.23,328.69,470933.02999999997,298807.69,3458.9700000000003,41.92,994.91,23621.54,7427.52,880.1800000000001,84422.55,31278.469999999998,238.25,1647.85,275.75,1883.92,571.37,8.83,24883.359999999997,10054.81,1489.06,167.64999999999998,66.18,19.85,833.87,17.65,13.24,1039.01,19.85,127.96,875.77,59.56,959.58,114.71000000000001,0.0,8.82,416.94,24.259999999999998,4.0,1.0,75.0,3130.29,8.82,3809.71,1828.77,635.3199999999999,154.43
Ester_4h_LPS_M_S_S15_R1_001.flexbar_q.fastq,15443.68,242.12,1095.29,63.41,253.65,668.71,380.47,69.18,190.23,622.59,265.15,616.8299999999999,109.53,461.14,2980.36,322.83,247.88,6070.25,196.0,1089.5200000000002,357.40000000000003,92.22,588.0,550893.7999999999,179305.77000000002,5430.3,69.18,1389.29,30022.649999999998,5833.88,1585.2700000000002,89802.78,19778.74,553.41,2899.65,432.34999999999997,1700.5700000000002,1689.04,40.35,29596.059999999998,8047.54,3274.31,219.06,74.94,0.0,1959.99,0.0,17.29,1942.71,5.76,224.82,1712.1100000000001,230.59,1250.94,161.41,1.0,213.29,835.88,46.11,4.0,1.0,115.28999999999999,6531.43,34.59,4848.13,2046.46,933.86,357.4
Ester_4h_LPS_M_S_S16_R1_001.flexbar_q.fastq,6216.43,128.32,2479.46,41.459999999999994,175.69,410.61,181.60999999999999,53.3,84.88,667.24,317.82,752.14,221.09,2410.35,1008.76,290.2,124.37,2205.07,78.96,15257.759999999998,529.05,128.32,434.31,228114.24,311492.01,4761.54,43.43,1010.73,24593.23,22698.12,1050.2,133952.02000000002,156200.03,708.71,1547.69,450.08,128.31,718.5799999999999,13.82,18256.420000000002,33208.18,2169.53,130.29,63.17,55.27,878.46,19.74,9.87,1824.05,55.27,75.02,604.0699999999999,195.43,598.15,25.66,1.0,31.59,343.49,15.79,4.0,1.0,39.480000000000004,1893.17,5.92,1585.18,2426.17,3932.3599999999997,175.69
Ester_7d_CNT_F_S_S10_R1_001.flexbar_q.fastq,11673.69,97.62,1790.6100000000001,61.650000000000006,182.4,233.78,110.46000000000001,33.4,64.23,768.1400000000001,377.66,976.23,151.57999999999998,2676.94,1579.96,403.34,249.2,4809.25,71.94,3845.85,400.76,74.51,629.42,438793.97,231513.85,4051.44,71.94,1464.33,29333.26,10224.78,1019.91,133004.15,55224.020000000004,493.28999999999996,2201.66,434.16,197.82,1379.5800000000002,17.99,15910.06,12858.039999999999,2196.57,195.26,102.76,25.69,1384.73,20.55,28.26,1772.65,25.69,115.61,1382.1499999999999,336.54,1030.19,5.14,0.0,25.69,1004.49,7.709999999999999,7.0,0.0,95.05,2497.1,10.28,2651.25,2512.52,1492.6100000000001,156.71
Ester_7d_CNT_F_S_S9_R1_001.flexbar_q.fastq,15503.98,71.78,1643.72,100.49000000000001,387.59999999999997,287.12,222.51,14.36,100.49000000000001,559.87,358.89,739.3,208.15,811.1,2016.9499999999998,315.82000000000005,452.2,6424.09,57.43,1414.0200000000002,710.61,28.72,1019.26,608624.82,170565.38,5943.2300000000005,150.74,2253.83,22050.13,5519.719999999999,1751.3899999999999,73966.93,18116.739999999998,416.31,2871.1099999999997,208.17,251.22,2555.28,14.36,9646.93,5871.41,2289.71,480.92,57.42,0.0,3230.01,50.24,14.36,1629.3600000000001,21.53,265.57,2052.85,136.38,1550.4,43.07,0.0,28.71,1399.66,78.96000000000001,7.0,0.0,129.2,3718.08,14.36,2526.58,1794.46,1148.43,301.47999999999996
Ester_7d_CNT_M_S_S21_R1_001.flexbar_q.fastq,10227.16,119.95,561.87,119.95,183.09,378.78,277.78,31.57,138.9,688.12,315.65,675.5,56.82000000000001,688.15,2222.19,315.64,189.39,3825.7,63.13,1186.8600000000001,208.33,132.58,385.09,612366.0,150831.41,4381.3,88.38,928.01,22695.43,5530.25,1205.79,69399.36,20599.5,202.03,2739.88,277.78000000000003,726.01,1483.58,101.01,47682.46,8175.37,2676.79,233.58999999999997,75.76,44.19,1104.79,6.31,18.94,770.1899999999999,6.31,164.14,1092.16,37.88,643.93,132.58,1.0,82.07,656.57,37.88,7.0,0.0,31.57,5145.14,6.31,4034.04,1969.67,713.35,233.57999999999998
Ester_7d_CNT_M_S_S22_R1_001.flexbar_q.fastq,19747.2,148.06,1184.54,80.76,336.52,673.04,821.11,13.46,376.9,1574.93,390.36,942.25,80.76,1305.69,4038.2799999999997,188.45,336.53,6461.25,80.77,753.8000000000001,565.34,417.28000000000003,1198.01,543431.73,117567.84,8480.32,255.76000000000002,1790.29,30637.100000000002,5842.05,2759.48,134030.61000000002,16381.94,699.96,5209.38,726.8800000000001,349.98,4199.79,80.75999999999999,22358.61,7268.889999999999,4024.7400000000002,498.05,67.3,0.0,4563.2300000000005,26.92,80.77,1776.85,26.92,376.91,1978.76,336.52000000000004,1871.08,457.67,1.0,282.68,1130.72,67.30000000000001,7.0,0.0,134.61,6905.4400000000005,40.38,5922.8,3620.9900000000002,1157.63,349.96000000000004
Ester_7d_LPS_F_S_S11_R1_001.flexbar_q.fastq,7624.75,147.68,2475.94,24.61,170.85,204.16,124.52,68.05,76.75,560.35,306.94,805.0500000000001,227.32999999999998,2461.46,1556.51,337.36,133.21,3344.7000000000003,97.00999999999999,7730.450000000001,596.55,46.33,479.28000000000003,278448.4,347092.95,2733.7,78.18,1114.9,39046.1,19331.2,735.55,119288.48,94763.56999999999,431.49,1668.02,460.44000000000005,172.3,587.85,8.69,17648.739999999998,21726.07,1476.89,108.6,108.59,75.29,884.7,24.61,17.38,1725.92,55.02,92.67,864.41,227.32,502.43,37.65,0.0,26.06,567.6,7.24,7.0,1.0,75.28999999999999,2544.0,5.79,2583.1,2552.69,2661.27,169.42
Ester_7d_LPS_F_S_S12_R1_001.flexbar_q.fastq,16337.890000000001,52.510000000000005,1111.09,72.21000000000001,357.78,546.52,80.42000000000002,18.05,139.5,480.86,162.47,720.48,106.68,301.99,2768.67,126.36999999999999,47.59,8154.990000000001,34.46,1729.81,233.06,59.09,992.91,555892.74,206405.85,6313.59,54.16,3691.01,47247.83,10065.33,2391.2099999999996,51679.0,16423.25,725.4,3720.55,226.48,193.65,633.48,8.2,18235.11,10042.359999999999,3638.5,68.93,42.67,9.85,1322.79,68.93,37.75,633.49,11.49,306.9,2497.88,65.65,695.87,9.84,0.0,1.64,961.74,4.92,7.0,1.0,108.31,4331.07,1.64,4073.4,1980.8899999999999,822.2,213.35
Ester_7d_LPS_M_S_S23_R1_001.flexbar_q.fastq,10352.68,147.44,884.69,97.0,232.82000000000002,399.66999999999996,256.09000000000003,65.97,89.24,853.67,287.13,531.59,69.84,1307.65,2083.75,244.45999999999998,135.8,4062.69,77.61,3825.99,310.4,162.95999999999998,605.3199999999999,447609.91,226839.37,4594.2,104.75999999999999,1028.27,26265.85,11699.15,954.53,113262.54000000001,66512.46999999999,457.86,2374.76,252.22,3267.22,1183.45,38.8,23720.370000000003,10612.64,2526.0299999999997,248.34,58.2,19.4,1296.02,11.64,50.44,997.24,19.4,131.92000000000002,1028.28,27.159999999999997,1862.55,50.44,1.0,77.61,721.73,27.16,7.0,1.0,85.37,5044.41,27.16,4140.29,2114.76,1443.47,259.97
Ester_7d_LPS_M_S_S24_R1_001.flexbar_q.fastq,16522.26,217.97,959.0699999999999,76.30000000000001,228.87,664.8100000000001,708.41,10.9,316.07000000000005,1493.1,272.48,969.99,54.5,1100.79,4729.99,457.74,119.88,7225.7699999999995,130.79,1340.5300000000002,501.35,446.84000000000003,686.62,500245.24999999994,137376.72,6550.08,217.97000000000003,1438.6200000000001,43583.46,7258.45,2299.6,141038.62,21971.58,544.95,5274.92,1024.47,316.06,3563.82,76.29,24946.87,9361.89,3814.53,425.04,54.49,0.0,2397.69,65.39,32.7,1602.0900000000001,0.0,250.66,2092.52,425.03999999999996,1296.94,207.08,1.0,217.97,1166.15,87.19,7.0,1.0,108.99,8239.33,10.9,7661.7,5155.02,1351.43,326.97
